#
# There is insufficient memory for the Java Runtime Environment to continue.
# Native memory allocation (mmap) failed to map 65536 bytes. Error detail: Failed to commit metaspace.
# Possible reasons:
#   The system is out of physical RAM or swap space
#   This process is running with CompressedOops enabled, and the Java Heap may be blocking the growth of the native heap
# Possible solutions:
#   Reduce memory load on the system
#   Increase physical memory or swap space
#   Check if swap backing store is full
#   Decrease Java heap size (-Xmx/-Xms)
#   Decrease number of Java threads
#   Decrease Java thread stack sizes (-Xss)
#   Set larger code cache with -XX:ReservedCodeCacheSize=
#   JVM is running with Zero Based Compressed Oops mode in which the Java heap is
#     placed in the first 32GB address space. The Java Heap base address is the
#     maximum limit for the native heap growth. Please use -XX:HeapBaseMinAddress
#     to set the Java Heap base and to place the Java Heap above 32GB virtual address.
# This output file may be truncated or incomplete.
#
#  Out of Memory Error (virtualSpaceNode.cpp:113), pid=10780, tid=12320
#
# JRE version: Java(TM) SE Runtime Environment (25.0.1+8) (build 25.0.1+8-LTS-27)
# Java VM: Java HotSpot(TM) 64-Bit Server VM (25.0.1+8-LTS-27, mixed mode, emulated-client, sharing, tiered, compressed oops, compressed class ptrs, g1 gc, windows-amd64)
# No core dump will be written. Minidumps are not enabled by default on client versions of Windows
#

---------------  S U M M A R Y ------------

Command Line: -XX:TieredStopAtLevel=1 -Dspring.output.ansi.enabled=always -Dcom.sun.management.jmxremote -Dspring.jmx.enabled=true -Dspring.liveBeansView.mbeanDomain -Dspring.application.admin.enabled=true -Dmanagement.endpoints.jmx.exposure.include=* -javaagent:E:\java\IntelliJ IDEA 2025.3.1.1\lib\idea_rt.jar=60432 -Dfile.encoding=UTF-8 -Dsun.stdout.encoding=UTF-8 -Dsun.stderr.encoding=UTF-8 com.panduoma.demo.Demo001houApplication

Host: 13th Gen Intel(R) Core(TM) i7-13700H, 20 cores, 15G,  Windows 11 , 64 bit Build 26100 (10.0.26100.9168)
Time: Tue Aug 25 13:30:11 2026 elapsed time: 0.712247 seconds (0d 0h 0m 0s)

---------------  T H R E A D  ---------------

Current thread (0x00000246063ab4d0):  JavaThread "background-preinit"        [_thread_in_vm, id=12320, stack(0x000000659ec00000,0x000000659ed00000) (1024K)]

Stack: [0x000000659ec00000,0x000000659ed00000]
Native frames: (J=compiled Java code, j=interpreted, Vv=VM code, C=native code)
V  [jvm.dll+0x7a6b59]  (no source info available)
V  [jvm.dll+0x77290d]  (no source info available)
V  [jvm.dll+0x966153]  (no source info available)
V  [jvm.dll+0x968751]  (no source info available)
V  [jvm.dll+0x968e53]  (no source info available)
V  [jvm.dll+0x2fc756]  (no source info available)
V  [jvm.dll+0x96301e]  (no source info available)
V  [jvm.dll+0x73db64]  (no source info available)
V  [jvm.dll+0x258f08]  (no source info available)
V  [jvm.dll+0x258cce]  (no source info available)
V  [jvm.dll+0x74063d]  (no source info available)
V  [jvm.dll+0x740245]  (no source info available)
V  [jvm.dll+0x29b372]  (no source info available)
V  [jvm.dll+0x73e588]  (no source info available)
V  [jvm.dll+0x2e2af9]  (no source info available)
V  [jvm.dll+0x28a99b]  (no source info available)
V  [jvm.dll+0x280856]  (no source info available)
V  [jvm.dll+0x668991]  (no source info available)
V  [jvm.dll+0x8d5696]  (no source info available)
V  [jvm.dll+0x519692]  (no source info available)
V  [jvm.dll+0x51f108]  (no source info available)
C  [java.dll+0x17f2]  (no source info available)

Java frames: (J=compiled Java code, j=interpreted, Vv=VM code)
J 1290  java.lang.ClassLoader.defineClass1(Ljava/lang/ClassLoader;Ljava/lang/String;[BIILjava/security/ProtectionDomain;Ljava/lang/String;)Ljava/lang/Class; java.base@25.0.1 (0 bytes) @ 0x000002467580a141 [0x000002467580a080+0x00000000000000c1]
J 1455 c1 java.lang.ClassLoader.defineClass(Ljava/lang/String;[BIILjava/security/ProtectionDomain;)Ljava/lang/Class; java.base@25.0.1 (43 bytes) @ 0x00000246758431a4 [0x0000024675843080+0x0000000000000124]
J 1440 c1 jdk.internal.loader.BuiltinClassLoader.defineClass(Ljava/lang/String;Ljdk/internal/loader/Resource;)Ljava/lang/Class; java.base@25.0.1 (121 bytes) @ 0x000002467583f51c [0x000002467583ef80+0x000000000000059c]
J 1439 c1 jdk.internal.loader.BuiltinClassLoader.findClassOnClassPathOrNull(Ljava/lang/String;)Ljava/lang/Class; java.base@25.0.1 (38 bytes) @ 0x000002467583e574 [0x000002467583e300+0x0000000000000274]
J 1234 c1 jdk.internal.loader.BuiltinClassLoader.loadClassOrNull(Ljava/lang/String;Z)Ljava/lang/Class; java.base@25.0.1 (143 bytes) @ 0x00000246757fbcac [0x00000246757fb880+0x000000000000042c]
J 1308 c1 jdk.internal.loader.BuiltinClassLoader.loadClass(Ljava/lang/String;Z)Ljava/lang/Class; java.base@25.0.1 (22 bytes) @ 0x000002467580ecdc [0x000002467580ec80+0x000000000000005c]
J 1307 c1 java.lang.ClassLoader.loadClass(Ljava/lang/String;)Ljava/lang/Class; java.base@25.0.1 (7 bytes) @ 0x000002467580e9d4 [0x000002467580e980+0x0000000000000054]
v  ~StubRoutines::call_stub 0x00000246753612ed
j  org.springframework.boot.jackson.autoconfigure.JacksonBackgroundPreinitializer.preinitialize()V+0
j  org.springframework.boot.autoconfigure.preinitialize.BackgroundPreinitializingApplicationListener$Runner.run()V+30
j  java.lang.Thread.runWith(Ljava/lang/Object;Ljava/lang/Runnable;)V+5 java.base@25.0.1
j  java.lang.Thread.run()V+19 java.base@25.0.1
v  ~StubRoutines::call_stub 0x00000246753612ed
Lock stack of current Java thread (top to bottom):
LockStack[1]: java.lang.Object 
{0x0000000714f1a4a8} - klass: 'java/lang/Object' - flags: 

 - ---- fields (total size 2 words):
LockStack[0]: [I 
{0x0000000715174628} - klass: {type array int} - flags: is_cloneable_fast 

 - length: 0


Compiled method (n/a) 726 1290     n 0       java.lang.ClassLoader::defineClass1 (native)
 total in heap  [0x0000024675809f88,0x000002467580a3a8] = 1056
 main code      [0x000002467580a080,0x000002467580a3a8] = 808
 mutable data [0x0000024605ff3420,0x0000024605ff3440] = 32
 relocation     [0x0000024605ff3420,0x0000024605ff3440] = 32

[Constant Pool (empty)]

[MachCode]
[Entry Point]
  # {method} {0x00000000934a3f90} 'defineClass1' '(Ljava/lang/ClassLoader;Ljava/lang/String;[BIILjava/security/ProtectionDomain;Ljava/lang/String;)Ljava/lang/Class;' in 'java/lang/ClassLoader'
  # parm0:    rdx:rdx   = 'java/lang/ClassLoader'
  # parm1:    r8:r8     = 'java/lang/String'
  # parm2:    r9:r9     = '[B'
  # parm3:    rdi       = int
  # parm4:    rsi       = int
  # parm5:    rcx:rcx   = 'java/security/ProtectionDomain'
  # parm6:    [sp+0xa0]   = 'java/lang/String'  (sp of caller)
  0x000002467580a080: 6690 448b | 5208 443b 

  0x000002467580a088: ;   {runtime_call Shared Runtime ic_miss_blob}
  0x000002467580a088: 5008 0f85 | 504a baff 
[Verified Entry Point]
  0x000002467580a090: 8984 2400 | 80ff ff55 | 488b ec48 | 81ec 9000 | 0000 6690 | 4181 7f20 | 0100 0000 

  0x000002467580a0ac: ;   {runtime_call Stub::method_entry_barrier}
  0x000002467580a0ac: 7405 e88d | a1b8 ff48 | 837d 1000 | 488d 4510 | 480f 4445 | 1048 8944 | 2440 4889 | 4c24 7048 
  0x000002467580a0cc: 83f9 0048 | 8d44 2470 | 480f 4444 | 2470 4889 | 4424 3848 | 8974 2430 | 4889 7c24 | 284c 894c 
  0x000002467580a0ec: 2458 4983 | f900 488d | 4424 5848 | 0f44 4424 | 5848 8944 | 2420 4c89 | 4424 5049 | 83f8 004c 
  0x000002467580a10c: 8d4c 2450 | 4c0f 444c | 2450 4889 | 5424 4848 | 83fa 004c | 8d44 2448 | 4c0f 4444 

  0x000002467580a128: ;   {oop(a 'java/lang/Class'{0x00000007ffe804b0} = 'java/lang/ClassLoader')}
  0x000002467580a128: 2448 49be | b004 e8ff | 0700 0000 | 4c89 7424 | 784c 8d74 | 2478 498b | d6c5 f877 

  0x000002467580a144: ;   {internal_word}
  0x000002467580a144: 49ba 41a1 | 8075 4602 | 0000 4d89 | 9730 0400 | 0049 89a7 | 2804 0000 | 498d 8f48 | 0400 0041 
  0x000002467580a164: c787 d404 | 0000 0400 

  0x000002467580a16c: ;   {runtime_call}
  0x000002467580a16c: 0000 48b8 | a816 9f96 | f97f 0000 | ffd0 c5f8 | 7741 c787 | d404 0000 | 0500 0000 | f083 4424 
  0x000002467580a18c: c000 493b | 6f28 0f87 | 0e00 0000 | 4183 bfd0 | 0400 0000 | 0f84 2b00 | 0000 c5f8 | 7748 8945 
  0x000002467580a1ac: f849 8bcf | 4c8b e448 | 83ec 2048 

  0x000002467580a1b8: ;   {runtime_call}
  0x000002467580a1b8: 83e4 f048 | b8a0 acda | 06f9 7f00 | 00ff d049 | 8be4 4d33 | e448 8b45 | f841 c787 | d404 0000 
  0x000002467580a1d8: 0800 0000 | 4183 bf50 | 0500 0002 | 0f84 9101 | 0000 49c7 | 8728 0400 | 0000 0000 | 0049 c787 
  0x000002467580a1f8: 3004 0000 | 0000 0000 | c5f8 7748 | 85c0 0f84 | 2f01 0000 | a803 0f85 | 0800 0000 | 488b 00e9 
  0x000002467580a218: 1f01 0000 | a801 0f85 | 0900 0000 | 488b 40fe | e90e 0100 | 0048 8b40 | ff41 807f | 4800 0f84 
  0x000002467580a238: ff00 0000 | 4883 f800 | 0f84 f500 | 0000 498b | 4f38 4885 | c90f 8414 | 0000 0048 | 83e9 0849 
  0x000002467580a258: 894f 3849 | 034f 4048 | 8901 e9d4 | 0000 0048 | 83ec 7048 | 8904 2448 | 894c 2408 | 4889 5424 
  0x000002467580a278: 104c 8944 | 2418 4c89 | 4c24 204c | 8954 2428 | 4c89 5c24 | 30c5 fb11 | 4424 40c5 | fb11 4c24 
  0x000002467580a298: 48c5 fb11 | 5424 50c5 | fb11 5c24 | 58c5 fb11 | 6424 60c5 | fb11 6c24 | 6849 8bd7 | 488b c848 
  0x000002467580a2b8: ;   {other}
  0x000002467580a2b8: 83ec 2040 | f6c4 0f0f | 8419 0000 | 0048 83ec 

  0x000002467580a2c8: ;   {runtime_call}
  0x000002467580a2c8: 0848 b820 | 76cd 06f9 | 7f00 00ff | d048 83c4 | 08e9 0c00 

  0x000002467580a2dc: ;   {runtime_call}
  0x000002467580a2dc: 0000 48b8 | 2076 cd06 | f97f 0000 | ffd0 4883 | c420 c5fb | 106c 2468 | c5fb 1064 | 2460 c5fb 
  0x000002467580a2fc: 105c 2458 | c5fb 1054 | 2450 c5fb | 104c 2448 | c5fb 1044 | 2440 4c8b | 5c24 304c | 8b54 2428 
  0x000002467580a31c: 4c8b 4c24 | 204c 8b44 | 2418 488b | 5424 1048 | 8b4c 2408 | 488b 0424 | 4883 c470 | c5f8 7749 
  0x000002467580a33c: 8b8f b804 | 0000 c781 | 0001 0000 | 0000 0000 

  0x000002467580a34c: ;   {poll_return}
  0x000002467580a34c: c941 f647 | 2801 7416 

  0x000002467580a354: ;   {internal_word}
  0x000002467580a354: 49ba 4da3 | 8075 4602 | 0000 4d89 | 97e0 0400 

  0x000002467580a364: ;   {runtime_call SafepointBlob}
  0x000002467580a364: 00e9 f66b | baff 4983 | 7f08 000f | 8501 0000 

  0x000002467580a374: ;   {runtime_call Stub::forward_exception}
  0x000002467580a374: 00c3 e965 | 6eb5 ffc5 | f877 4889 | 45f8 4c8b | e448 83ec | 2048 83e4 

  0x000002467580a38c: ;   {runtime_call}
  0x000002467580a38c: f048 b810 | f713 07f9 | 7f00 00ff | d049 8be4 | 4d33 e448 | 8b45 f8e9 | 42fe ffff 
[/MachCode]


Compiled method (c1) 729 1455       1       java.lang.ClassLoader::defineClass (43 bytes)
 total in heap  [0x0000024675842f88,0x00000246758432c0] = 824
 main code      [0x0000024675843080,0x0000024675843248] = 456
 stub code      [0x0000024675843248,0x00000246758432c0] = 120
 mutable data [0x0000024605feb890,0x0000024605feb938] = 168
 relocation     [0x0000024605feb890,0x0000024605feb8f8] = 104
 metadata       [0x0000024605feb8f8,0x0000024605feb938] = 64
 immutable data [0x0000024605be25d0,0x0000024605be2768] = 408
 dependencies   [0x0000024605be25d0,0x0000024605be25e8] = 24
 nul chk table  [0x0000024605be25e8,0x0000024605be2610] = 40
 scopes pcs     [0x0000024605be2610,0x0000024605be26b0] = 160
 scopes data    [0x0000024605be26b0,0x0000024605be2768] = 184

[Constant Pool (empty)]

[MachCode]
[Instructions begin]
  0x0000024675843080: 6666 660f | 1f84 0000 | 0000 0066 | 6666 9066 | 6690 448b | 5208 443b 

  0x0000024675843098: ;   {runtime_call Shared Runtime ic_miss_blob}
  0x0000024675843098: 5008 0f85 | 40ba b6ff 
[Verified Entry Point]
  0x00000246758430a0: 8984 2400 | 80ff ff55 | 4881 ecb0 | 0000 0090 | 4181 7f20 | 0100 0000 

  0x00000246758430b8: ;   {runtime_call Stub::method_entry_barrier}
  0x00000246758430b8: 7405 e881 | 11b5 ff48 | 8954 2478 | 89b4 2494 | 0000 0089 | bc24 9000 | 0000 4c89 | 8c24 8800 
  0x00000246758430d8: 0000 498b | d84c 8bc3 | 4c8b c948 | 8bca 488b | d148 899c | 2480 0000 | 0066 0f1f 

  0x00000246758430f4: ;   {optimized virtual_call}
  0x00000246758430f4: 4400 00e8 

  0x00000246758430f8: ; ImmutableOopMap {[120]=Oop [128]=Oop [136]=Oop }
                      ;*invokevirtual preDefineClass {reexecute=0 rethrow=0 return_oop=0}
                      ; - java.lang.ClassLoader::defineClass@4 (line 960)
  0x00000246758430f8: a419 0000 

  0x00000246758430fc: ;   {post_call_nop}
  0x00000246758430fc: 0f1f 8400 | 7401 0000 | 4889 8424 | 9800 0000 

  0x000002467584310c: ; implicit exception: dispatches to 0x00000246758431ef
  0x000002467584310c: 448b 4010 | 49c1 e003 | 4d85 c00f | 850f 0000 

  0x000002467584311c: ;   {oop(nullptr)}
  0x000002467584311c: 0048 bb00 | 0000 0000 | 0000 00e9 | 4300 0000 

  0x000002467584312c: ; implicit exception: dispatches to 0x00000246758431f4
  0x000002467584312c: 458b 400c | 49c1 e003 | 4d85 c00f | 850f 0000 

  0x000002467584313c: ;   {oop(nullptr)}
  0x000002467584313c: 0048 bb00 | 0000 0000 | 0000 00e9 | 2300 0000 

  0x000002467584314c: ; implicit exception: dispatches to 0x00000246758431f9
  0x000002467584314c: 418b 5038 | 48c1 e203 

  0x0000024675843154: ; implicit exception: dispatches to 0x00000246758431fe
                      ;   {optimized virtual_call}
  0x0000024675843154: 483b 02e8 

  0x0000024675843158: ; ImmutableOopMap {[120]=Oop [128]=Oop [136]=Oop [152]=Oop }
                      ;*invokevirtual toExternalForm {reexecute=0 rethrow=0 return_oop=0}
                      ; - java.net.URL::toExternalForm@5 (line 1153)
                      ; - java.net.URL::toString@1 (line 1139)
                      ; - java.lang.ClassLoader::defineClassSourceLocation@22 (line 864)
                      ; - java.lang.ClassLoader::defineClass@12 (line 961)
  0x0000024675843158: c47a fdff 

  0x000002467584315c: ;   {post_call_nop}
  0x000002467584315c: 0f1f 8400 | d401 0001 | 488b d848 | 8b84 2498 | 0000 008b | b424 9400 | 0000 8bbc | 2490 0000 
  0x000002467584317c: 004c 8b8c | 2488 0000 | 004c 8b84 | 2480 0000 | 0048 8b54 | 2478 4c8b | da49 8bd3 | 488b c848 
  0x000002467584319c: ;   {static_call}
  0x000002467584319c: 891c 24e8 

  0x00000246758431a0: ; ImmutableOopMap {[120]=Oop [152]=Oop }
                      ;*invokestatic defineClass1 {reexecute=0 rethrow=0 return_oop=0}
                      ; - java.lang.ClassLoader::defineClass@27 (line 962)
  0x00000246758431a0: ec6e fcff 

  0x00000246758431a4: ;   {post_call_nop}
  0x00000246758431a4: 0f1f 8400 | 1c02 0002 | 4c8b c04c | 8b8c 2498 | 0000 0048 | 8b54 2478 | 4889 8424 | a000 0000 
  0x00000246758431c4: ;   {optimized virtual_call}
  0x00000246758431c4: 6666 90e8 

  0x00000246758431c8: ; ImmutableOopMap {[160]=Oop }
                      ;*invokevirtual postDefineClass {reexecute=0 rethrow=0 return_oop=0}
                      ; - java.lang.ClassLoader::defineClass@37 (line 963)
  0x00000246758431c8: 540a 0000 

  0x00000246758431cc: ;   {post_call_nop}
  0x00000246758431cc: 0f1f 8400 | 4402 0003 | 488b 8424 | a000 0000 | 4881 c4b0 | 0000 005d 

  0x00000246758431e4: ;   {poll_return}
  0x00000246758431e4: 493b 6728 | 0f87 1500 

  0x00000246758431ec: ;   {runtime_call C1 Runtime throw_null_pointer_exception_blob}
  0x00000246758431ec: 0000 c3e8 

  0x00000246758431f0: ; ImmutableOopMap {rax=Oop [120]=Oop [128]=Oop [136]=Oop [152]=Oop }
                      ;*invokevirtual getCodeSource {reexecute=0 rethrow=0 return_oop=0}
                      ; - java.lang.ClassLoader::defineClassSourceLocation@1 (line 861)
                      ; - java.lang.ClassLoader::defineClass@12 (line 961)
  0x00000246758431f0: ec99 c1ff 

  0x00000246758431f4: ;   {runtime_call C1 Runtime throw_null_pointer_exception_blob}
  0x00000246758431f4: e8e7 99c1 

  0x00000246758431f8: ; ImmutableOopMap {rax=Oop [120]=Oop [128]=Oop [136]=Oop [152]=Oop }
                      ;*invokevirtual getLocation {reexecute=0 rethrow=0 return_oop=0}
                      ; - java.lang.ClassLoader::defineClassSourceLocation@12 (line 863)
                      ; - java.lang.ClassLoader::defineClass@12 (line 961)
                      ;   {runtime_call C1 Runtime throw_null_pointer_exception_blob}
  0x00000246758431f8: ffe8 e299 

  0x00000246758431fc: ; ImmutableOopMap {r8=Oop [120]=Oop [128]=Oop [136]=Oop [152]=Oop }
                      ;*invokevirtual toString {reexecute=0 rethrow=0 return_oop=0}
                      ; - java.lang.ClassLoader::defineClassSourceLocation@22 (line 864)
                      ; - java.lang.ClassLoader::defineClass@12 (line 961)
                      ;   {runtime_call C1 Runtime throw_null_pointer_exception_blob}
  0x00000246758431fc: c1ff e8dd 

  0x0000024675843200: ; ImmutableOopMap {r8=Oop rdx=Oop [120]=Oop [128]=Oop [136]=Oop [152]=Oop }
                      ;*invokevirtual toExternalForm {reexecute=0 rethrow=0 return_oop=0}
                      ; - java.net.URL::toExternalForm@5 (line 1153)
                      ; - java.net.URL::toString@1 (line 1139)
                      ; - java.lang.ClassLoader::defineClassSourceLocation@22 (line 864)
                      ; - java.lang.ClassLoader::defineClass@12 (line 961)
                      ;   {internal_word}
  0x0000024675843200: 99c1 ff49 | bae4 3184 | 7546 0200 | 004d 8997 | e004 0000 

  0x0000024675843214: ;   {runtime_call SafepointBlob}
  0x0000024675843214: e947 ddb6 | ff49 8b87 | 8805 0000 | 49c7 8788 | 0500 0000 | 0000 0049 | c787 9005 | 0000 0000 
  0x0000024675843234: 0000 4881 | c4b0 0000 

  0x000002467584323c: ;   {runtime_call C1 Runtime unwind_exception_blob}
  0x000002467584323c: 005d e99d | 86c1 fff4 | f4f4 f4f4 
[Stub Code]
  0x0000024675843248: ;   {other}
  0x0000024675843248: 0f1f 4400 

  0x000002467584324c: ;   {static_stub}
  0x000002467584324c: 0048 bb00 | 0000 0000 

  0x0000024675843254: ;   {runtime_call nmethod}
  0x0000024675843254: 0000 00e9 | fbff ffff 

  0x000002467584325c: ;   {static_stub}
  0x000002467584325c: 48bb 0000 | 0000 0000 

  0x0000024675843264: ;   {runtime_call nmethod}
  0x0000024675843264: 0000 e9fb 

  0x0000024675843268: ;   {static_stub}
  0x0000024675843268: ffff ff48 | bb00 0000 | 0000 0000 

  0x0000024675843274: ;   {runtime_call nmethod}
  0x0000024675843274: 00e9 fbff 

  0x0000024675843278: ;   {static_stub}
  0x0000024675843278: ffff 48bb | 0000 0000 | 0000 0000 

  0x0000024675843284: ;   {runtime_call nmethod}
  0x0000024675843284: e9fb ffff 

  0x0000024675843288: ;   {runtime_call C1 Runtime handle_exception_from_callee_blob}
  0x0000024675843288: ffe8 52b7 

  0x000002467584328c: ;   {external_word}
  0x000002467584328c: c1ff 48b9 | 4808 3d07 | f97f 0000 | 4883 e4f0 

  0x000002467584329c: ;   {runtime_call}
  0x000002467584329c: 48b8 008d | 0007 f97f | 0000 ffd0 

  0x00000246758432a8: ;   {section_word}
  0x00000246758432a8: f449 baa9 | 3284 7546 | 0200 0041 

  0x00000246758432b4: ;   {runtime_call DeoptimizationBlob}
  0x00000246758432b4: 52e9 a6df | b6ff f4f4 | f4f4 f4f4 
[/MachCode]


Compiled method (c1) 731 1440       1       jdk.internal.loader.BuiltinClassLoader::defineClass (121 bytes)
 total in heap  [0x000002467583ee88,0x000002467583f7d8] = 2384
 main code      [0x000002467583ef80,0x000002467583f6b8] = 1848
 stub code      [0x000002467583f6b8,0x000002467583f7d8] = 288
 mutable data [0x0000024606070ff0,0x0000024606071190] = 416
 relocation     [0x0000024606070ff0,0x0000024606071138] = 328
 metadata       [0x0000024606071138,0x0000024606071190] = 88
 immutable data [0x0000024606070b90,0x0000024606070fe0] = 1104
 dependencies   [0x0000024606070b90,0x0000024606070bb0] = 32
 nul chk table  [0x0000024606070bb0,0x0000024606070bd0] = 32
 handler table  [0x0000024606070bd0,0x0000024606070be8] = 24
 scopes pcs     [0x0000024606070be8,0x0000024606070d88] = 416
 scopes data    [0x0000024606070d88,0x0000024606070fe0] = 600

[Constant Pool (empty)]

[MachCode]
[Instructions begin]
  0x000002467583ef80: 6666 660f | 1f84 0000 | 0000 0066 | 6666 9066 | 6690 448b | 5208 443b 

  0x000002467583ef98: ;   {runtime_call Shared Runtime ic_miss_blob}
  0x000002467583ef98: 5008 0f85 | 40fb b6ff 
[Verified Entry Point]
  0x000002467583efa0: 8984 2400 | 80ff ff55 | 4881 ec00 | 0100 0090 | 4181 7f20 | 0100 0000 

  0x000002467583efb8: ;   {runtime_call Stub::method_entry_barrier}
  0x000002467583efb8: 7405 e881 | 52b5 ff48 | 8994 24a0 | 0000 004c | 8984 2490 | 0000 004c | 898c 2498 | 0000 0049 
  0x000002467583efd8: 8bd1 6666 | 9048 b860 | cefd 0546 

  0x000002467583efe4: ;   {virtual_call}
  0x000002467583efe4: 0200 00e8 

  0x000002467583efe8: ; ImmutableOopMap {[144]=Oop [152]=Oop [160]=Oop }
                      ;*invokevirtual getCodeSourceURL {reexecute=0 rethrow=0 return_oop=0}
                      ; - jdk.internal.loader.BuiltinClassLoader::defineClass@1 (line 756)
  0x000002467583efe8: a666 0000 

  0x000002467583efec: ;   {post_call_nop}
  0x000002467583efec: 0f1f 8400 | 6401 0000 | 4889 8424 | a800 0000 | 4c8b 8424 | 9000 0000 

  0x000002467583f004: ; implicit exception: dispatches to 0x000002467583f5b8
  0x000002467583f004: 418b 7014 | 48c1 e603 

  0x000002467583f00c: ; implicit exception: dispatches to 0x000002467583f5bd
  0x000002467583f00c: 8b56 0c45 | 0fbe 4810 | 498b c9c1 | e118 c1f9 | 18d3 fa48 | 8bfa ffcf | 4585 c9ba | 0000 0000 
  0x000002467583f02c: 7505 ba01 | 0000 0083 | e201 85d2 | 488b d641 | b82e 0000 | 004c 8bcf | 0f84 1700 | 0000 0f1f 
  0x000002467583f04c: ;   {static_call}
  0x000002467583f04c: 4400 00e8 

  0x000002467583f050: ; ImmutableOopMap {[144]=Oop [152]=Oop [160]=Oop [168]=Oop }
                      ;*invokestatic lastIndexOf {reexecute=0 rethrow=0 return_oop=0}
                      ; - java.lang.String::lastIndexOf@13 (line 2638)
                      ; - java.lang.String::lastIndexOf@8 (line 2600)
                      ; - jdk.internal.loader.BuiltinClassLoader::defineClass@8 (line 759)
  0x000002467583f050: acd9 c2ff 

  0x000002467583f054: ;   {post_call_nop}
  0x000002467583f054: 0f1f 8400 | cc01 0001 | e913 0000 | 0066 0f1f 

  0x000002467583f064: ;   {static_call}
  0x000002467583f064: 4400 00e8 

  0x000002467583f068: ; ImmutableOopMap {[144]=Oop [152]=Oop [160]=Oop [168]=Oop }
                      ;*invokestatic lastIndexOf {reexecute=0 rethrow=0 return_oop=0}
                      ; - java.lang.String::lastIndexOf@25 (line 2639)
                      ; - java.lang.String::lastIndexOf@8 (line 2600)
                      ; - jdk.internal.loader.BuiltinClassLoader::defineClass@8 (line 759)
  0x000002467583f068: 7403 b7ff 

  0x000002467583f06c: ;   {post_call_nop}
  0x000002467583f06c: 0f1f 8400 | e401 0002 | 83f8 ff0f | 847f 0000 | 0041 b800 | 0000 004c | 8bc8 488b | 9424 9000 
  0x000002467583f08c: ;   {optimized virtual_call}
  0x000002467583f08c: 0000 90e8 

  0x000002467583f090: ; ImmutableOopMap {[144]=Oop [152]=Oop [160]=Oop [168]=Oop }
                      ;*invokevirtual substring {reexecute=0 rethrow=0 return_oop=0}
                      ; - jdk.internal.loader.BuiltinClassLoader::defineClass@23 (line 761)
  0x000002467583f090: 8cfc d6ff 

  0x000002467583f094: ;   {post_call_nop}
  0x000002467583f094: 0f1f 8400 | 0c02 0003 | 488b 9424 | 9800 0000 | 4889 8424 | b000 0000 | 9048 b888 | cefd 0546 
  0x000002467583f0b4: ;   {virtual_call}
  0x000002467583f0b4: 0200 00e8 

  0x000002467583f0b8: ; ImmutableOopMap {[144]=Oop [152]=Oop [160]=Oop [168]=Oop [176]=Oop }
                      ;*invokevirtual getManifest {reexecute=0 rethrow=0 return_oop=0}
                      ; - jdk.internal.loader.BuiltinClassLoader::defineClass@29 (line 762)
  0x000002467583f0b8: d683 0000 

  0x000002467583f0bc: ;   {post_call_nop}
  0x000002467583f0bc: 0f1f 8400 | 3402 0004 | 4c8b 8424 | b000 0000 | 4c8b c848 | 8bbc 24a8 | 0000 0048 | 8b94 24a0 
  0x000002467583f0dc: 0000 0066 | 0f1f 4400 | 0048 b8b0 | cefd 0546 

  0x000002467583f0ec: ;   {virtual_call}
  0x000002467583f0ec: 0200 00e8 

  0x000002467583f0f0: ; ImmutableOopMap {[144]=Oop [152]=Oop [160]=Oop [168]=Oop }
                      ;*invokevirtual defineOrCheckPackage {reexecute=0 rethrow=0 return_oop=0}
                      ; - jdk.internal.loader.BuiltinClassLoader::defineClass@40 (line 763)
  0x000002467583f0f0: 1eef ffff 

  0x000002467583f0f4: ;   {post_call_nop}
  0x000002467583f0f4: 0f1f 8400 | 6c02 0005 | 4c8b 8c24 | 9800 0000 | 488d 9424 | e000 0000 | 4c89 4a08 | 498b 0141 
  0x000002467583f114: 8bb7 d806 | 0000 81fe | 2807 0000 | 0f8d 9c04 | 0000 4d3b | 4c37 f80f | 8425 0000 | 00a8 020f 
  0x000002467583f134: 8589 0400 | 0048 8bf0 | 4883 e6fe | 4883 c801 | f049 0fb1 | 310f 8573 | 0400 0041 | 8bb7 d806 
  0x000002467583f154: 0000 4d89 | 0c37 83c6 | 0841 89b7 | d806 0000 | 418b 510c | 48c1 e203 | 4885 d20f | 8553 0000 
  0x000002467583f174: 0049 8bd1 | 0f1f 4400 | 0048 b8d8 | cefd 0546 

  0x000002467583f184: ;   {virtual_call}
  0x000002467583f184: 0200 00e8 

  0x000002467583f188: ; ImmutableOopMap {[144]=Oop [152]=Oop [160]=Oop [168]=Oop [232]=Oop }
                      ;*invokevirtual getInputStream {reexecute=0 rethrow=0 return_oop=0}
                      ; - jdk.internal.loader.Resource::cachedInputStream@9 (line 76)
                      ; - jdk.internal.loader.Resource::getByteBuffer@1 (line 133)
                      ; - jdk.internal.loader.BuiltinClassLoader::defineClass@45 (line 767)
  0x000002467583f188: 0674 0000 

  0x000002467583f18c: ;   {post_call_nop}
  0x000002467583f18c: 0f1f 8400 | 0403 0006 | 410f be57 | 4885 d24c | 8b8c 2498 | 0000 000f | 852c 0400 | 004c 8bd0 
  0x000002467583f1ac: 49c1 ea03 | 4589 510c | 498b d148 | 33d0 48c1 | ea15 4883 | fa00 0f85 | 2d04 0000 | 418b 510c 
  0x000002467583f1cc: 48c1 e203 | 488d 8424 | e000 0000 | 488b 7808 | 418b b7d8 | 0600 0049 | 3b7c 37f8 | 0f85 1f04 
  0x000002467583f1ec: 0000 4183 | afd8 0600 | 0008 493b | 7c37 f00f | 842a 0000 | 0048 8b07 | a802 0f85 | 1200 0000 
  0x000002467583f20c: 488b f048 | 83ce 01f0 | 480f b137 | 0f84 0d00 | 0000 4183 | 87d8 0600 | 0008 e9e2 | 0300 0048 
  0x000002467583f22c: 85d2 0f84 | 3f00 0000 

  0x000002467583f234: ;   {metadata('sun/nio/ByteBuffered')}
  0x000002467583f234: 48b8 2867 | 4293 0000 | 0000 8b5a | 0841 ba00 | 0000 9349 | 03da 483b | 4320 0f84 | 2400 0000 
  0x000002467583f254: 483b d80f | 841b 0000 

  0x000002467583f25c: ;   {runtime_call C1 Runtime slow_subtype_check_blob}
  0x000002467583f25c: 0053 50e8 | 7c03 c2ff | 5b5b 85db | 0f84 0500 | 0000 e905 | 0000 0048 | 33f6 eb05 | be01 0000 
  0x000002467583f27c: 0085 f60f | 8464 0000 | 0048 85d2 | 0f84 3f00 

  0x000002467583f28c: ;   {metadata('sun/nio/ByteBuffered')}
  0x000002467583f28c: 0000 48bb | 2867 4293 | 0000 0000 | 8b7a 0841 | ba00 0000 | 9349 03fa | 483b 5f20 | 0f84 1f00 
  0x000002467583f2ac: 0000 483b | fb0f 8416 | 0000 0057 

  0x000002467583f2b8: ;   {runtime_call C1 Runtime slow_subtype_check_blob}
  0x000002467583f2b8: 53e8 2203 | c2ff 5f5f | 85ff 0f84 | 5b03 0000 | e900 0000 | 0048 b800 | cffd 0546 

  0x000002467583f2d4: ;   {virtual_call}
  0x000002467583f2d4: 0200 00e8 

  0x000002467583f2d8: ; ImmutableOopMap {[144]=Oop [152]=Oop [160]=Oop [168]=Oop }
                      ;*invokeinterface getByteBuffer {reexecute=0 rethrow=0 return_oop=0}
                      ; - jdk.internal.loader.Resource::getByteBuffer@16 (line 135)
                      ; - jdk.internal.loader.BuiltinClassLoader::defineClass@45 (line 767)
  0x000002467583f2d8: 04fe b6ff 

  0x000002467583f2dc: ;   {post_call_nop}
  0x000002467583f2dc: 0f1f 8400 | 5404 0007 | e90a 0000 

  0x000002467583f2e8: ;   {oop(nullptr)}
  0x000002467583f2e8: 0048 b800 | 0000 0000 | 0000 0048 | 85c0 0f84 | fb00 0000 | 4889 8424 | b800 0000 | 488b 9424 
  0x000002467583f308: 9800 0000 | 9048 b828 | cffd 0546 

  0x000002467583f314: ;   {virtual_call}
  0x000002467583f314: 0200 00e8 

  0x000002467583f318: ; ImmutableOopMap {[144]=Oop [160]=Oop [168]=Oop [184]=Oop }
                      ;*invokevirtual getCodeSigners {reexecute=0 rethrow=0 return_oop=0}
                      ; - jdk.internal.loader.BuiltinClassLoader::defineClass@56 (line 769)
  0x000002467583f318: c4fd b6ff 

  0x000002467583f31c: ;   {post_call_nop}
  0x000002467583f31c: 0f1f 8400 | 9404 0008 

  0x000002467583f324: ;   {metadata('java/security/CodeSource')}
  0x000002467583f324: 4c8b c848 | ba78 9d1c | 9300 0000 | 0049 8b87 | c801 0000 | 488d 7828 | 493b bfd8 | 0100 000f 
  0x000002467583f344: 87e3 0200 | 0049 89bf | c801 0000 | 48c7 0001 | 0000 0048 | 8bca 41ba | 0000 0093 | 492b ca89 
  0x000002467583f364: 4808 4833 | c989 480c | 4833 c948 | 8948 1048 | 8948 1848 | 8948 204c | 8b84 24a8 | 0000 0048 
  0x000002467583f384: 8bd0 4889 | 8424 c000 

  0x000002467583f38c: ;   {optimized virtual_call}
  0x000002467583f38c: 0000 90e8 

  0x000002467583f390: ; ImmutableOopMap {[144]=Oop [160]=Oop [184]=Oop [192]=Oop }
                      ;*invokespecial <init> {reexecute=0 rethrow=0 return_oop=0}
                      ; - jdk.internal.loader.BuiltinClassLoader::defineClass@68 (line 770)
  0x000002467583f390: 4cfa b6ff 

  0x000002467583f394: ;   {post_call_nop}
  0x000002467583f394: 0f1f 8400 | 0c05 0009 | 4c8b 8424 | c000 0000 | 488b 9424 | a000 0000 

  0x000002467583f3ac: ;   {optimized virtual_call}
  0x000002467583f3ac: 6666 90e8 

  0x000002467583f3b0: ; ImmutableOopMap {[144]=Oop [160]=Oop [184]=Oop }
                      ;*invokevirtual getProtectionDomain {reexecute=0 rethrow=0 return_oop=0}
                      ; - java.security.SecureClassLoader::defineClass@5 (line 176)
                      ; - jdk.internal.loader.BuiltinClassLoader::defineClass@79 (line 771)
  0x000002467583f3b0: 2cfa b6ff 

  0x000002467583f3b4: ;   {post_call_nop}
  0x000002467583f3b4: 0f1f 8400 | 2c05 000a | 4c8b 8424 | 9000 0000 | 4c8b 8c24 | b800 0000 | 488b f848 | 8b94 24a0 
  0x000002467583f3d4: ;   {optimized virtual_call}
  0x000002467583f3d4: 0000 00e8 

  0x000002467583f3d8: ; ImmutableOopMap {}
                      ;*invokevirtual defineClass {reexecute=0 rethrow=0 return_oop=0}
                      ; - java.security.SecureClassLoader::defineClass@8 (line 176)
                      ; - jdk.internal.loader.BuiltinClassLoader::defineClass@79 (line 771)
  0x000002467583f3d8: 04fa b6ff 

  0x000002467583f3dc: ;   {post_call_nop}
  0x000002467583f3dc: 0f1f 8400 | 5405 000b | 4881 c400 | 0100 005d 

  0x000002467583f3ec: ;   {poll_return}
  0x000002467583f3ec: 493b 6728 | 0f87 4302 | 0000 c34c | 8b8c 2498 | 0000 0049 | 8bd1 6666 | 9048 b850 | cffd 0546 
  0x000002467583f40c: ;   {virtual_call}
  0x000002467583f40c: 0200 00e8 

  0x000002467583f410: ; ImmutableOopMap {[144]=Oop [152]=Oop [160]=Oop [168]=Oop }
                      ;*invokevirtual getBytes {reexecute=0 rethrow=0 return_oop=0}
                      ; - jdk.internal.loader.BuiltinClassLoader::defineClass@84 (line 773)
  0x000002467583f410: 7e88 0000 

  0x000002467583f414: ;   {post_call_nop}
  0x000002467583f414: 0f1f 8400 | 8c05 000c | 4889 8424 | c800 0000 | 488b 9424 | 9800 0000 | 9048 b878 | cffd 0546 
  0x000002467583f434: ;   {virtual_call}
  0x000002467583f434: 0200 00e8 

  0x000002467583f438: ; ImmutableOopMap {[144]=Oop [160]=Oop [168]=Oop [200]=Oop }
                      ;*invokevirtual getCodeSigners {reexecute=0 rethrow=0 return_oop=0}
                      ; - jdk.internal.loader.BuiltinClassLoader::defineClass@90 (line 774)
  0x000002467583f438: d698 0000 

  0x000002467583f43c: ;   {post_call_nop}
  0x000002467583f43c: 0f1f 8400 | b405 000d 

  0x000002467583f444: ;   {metadata('java/security/CodeSource')}
  0x000002467583f444: 4c8b c848 | ba78 9d1c | 9300 0000 | 0049 8b87 | c801 0000 | 488d 7828 | 493b bfd8 | 0100 000f 
  0x000002467583f464: 87e6 0100 | 0049 89bf | c801 0000 | 48c7 0001 | 0000 0048 | 8bca 41ba | 0000 0093 | 492b ca89 
  0x000002467583f484: 4808 4833 | c989 480c | 4833 c948 | 8948 1048 | 8948 1848 | 8948 204c | 8b84 24a8 | 0000 0048 
  0x000002467583f4a4: 8bd0 4889 | 8424 d000 

  0x000002467583f4ac: ;   {optimized virtual_call}
  0x000002467583f4ac: 0000 90e8 

  0x000002467583f4b0: ; ImmutableOopMap {[144]=Oop [160]=Oop [200]=Oop [208]=Oop }
                      ;*invokespecial <init> {reexecute=0 rethrow=0 return_oop=0}
                      ; - jdk.internal.loader.BuiltinClassLoader::defineClass@102 (line 775)
  0x000002467583f4b0: ec21 0000 

  0x000002467583f4b4: ;   {post_call_nop}
  0x000002467583f4b4: 0f1f 8400 | 2c06 000e | 488b 8424 | c800 0000 

  0x000002467583f4c4: ; implicit exception: dispatches to 0x000002467583f65c
  0x000002467583f4c4: 8b70 0c4c | 8b84 24d0 | 0000 0048 | 8b94 24a0 | 0000 0089 | b424 d800 

  0x000002467583f4dc: ;   {optimized virtual_call}
  0x000002467583f4dc: 0000 90e8 

  0x000002467583f4e0: ; ImmutableOopMap {[144]=Oop [160]=Oop [200]=Oop }
                      ;*invokevirtual getProtectionDomain {reexecute=0 rethrow=0 return_oop=0}
                      ; - java.security.SecureClassLoader::defineClass@9 (line 144)
                      ; - jdk.internal.loader.BuiltinClassLoader::defineClass@117 (line 776)
  0x000002467583f4e0: bc34 0000 

  0x000002467583f4e4: ;   {post_call_nop}
  0x000002467583f4e4: 0f1f 8400 | 5c06 000f | 4c8b 8424 | 9000 0000 | 4c8b 8c24 | c800 0000 | bf00 0000 | 008b b424 
  0x000002467583f504: d800 0000 | 488b c848 | 8b94 24a0 | 0000 000f 

  0x000002467583f514: ;   {optimized virtual_call}
  0x000002467583f514: 1f40 00e8 

  0x000002467583f518: ; ImmutableOopMap {}
                      ;*invokevirtual defineClass {reexecute=0 rethrow=0 return_oop=0}
                      ; - java.security.SecureClassLoader::defineClass@12 (line 144)
                      ; - jdk.internal.loader.BuiltinClassLoader::defineClass@117 (line 776)
  0x000002467583f518: 843b 0000 

  0x000002467583f51c: ;   {post_call_nop}
  0x000002467583f51c: 0f1f 8400 | 9406 0010 | 4881 c400 | 0100 005d 

  0x000002467583f52c: ;   {poll_return}
  0x000002467583f52c: 493b 6728 | 0f87 2b01 | 0000 c349 | 8b87 8805 | 0000 4d33 | d24d 8997 | 8805 0000 | 4d33 d24d 
  0x000002467583f54c: 8997 9005 | 0000 488b | f048 8d84 | 24e0 0000 | 0048 8b58 | 0841 8bbf | d806 0000 | 493b 5c3f 
  0x000002467583f56c: f80f 8504 | 0100 0041 | 83af d806 | 0000 0849 | 3b5c 3ff0 | 0f84 2a00 | 0000 488b | 03a8 020f 
  0x000002467583f58c: 8512 0000 | 0048 8bf8 | 4883 cf01 | f048 0fb1 | 3b0f 840d | 0000 0041 | 8387 d806 | 0000 08e9 
  0x000002467583f5ac: c700 0000 | 488b c6e9 | f200 0000 

  0x000002467583f5b8: ;   {runtime_call C1 Runtime throw_null_pointer_exception_blob}
  0x000002467583f5b8: e823 d6c1 

  0x000002467583f5bc: ; ImmutableOopMap {rax=Oop r8=Oop [144]=Oop [152]=Oop [160]=Oop [168]=Oop }
                      ;*invokevirtual lastIndexOf {reexecute=0 rethrow=0 return_oop=0}
                      ; - jdk.internal.loader.BuiltinClassLoader::defineClass@8 (line 759)
                      ;   {runtime_call C1 Runtime throw_null_pointer_exception_blob}
  0x000002467583f5bc: ffe8 1ed6 

  0x000002467583f5c0: ; ImmutableOopMap {rax=Oop r8=Oop rsi=Oop [144]=Oop [152]=Oop [160]=Oop [168]=Oop }
                      ;*arraylength {reexecute=0 rethrow=0 return_oop=0}
                      ; - java.lang.String::length@4 (line 1583)
                      ; - java.lang.String::lastIndexOf@3 (line 2600)
                      ; - jdk.internal.loader.BuiltinClassLoader::defineClass@8 (line 759)
  0x000002467583f5c0: c1ff 4c89 | 4c24 0848 

  0x000002467583f5c8: ;   {runtime_call C1 Runtime monitorenter_nofpu_blob}
  0x000002467583f5c8: 8914 24e8 

  0x000002467583f5cc: ; ImmutableOopMap {r9=Oop [144]=Oop [152]=Oop [160]=Oop [168]=Oop [232]=Oop }
                      ;*synchronization entry
                      ; - jdk.internal.loader.Resource::cachedInputStream@-1 (line 75)
                      ; - jdk.internal.loader.Resource::getByteBuffer@1 (line 133)
                      ; - jdk.internal.loader.BuiltinClassLoader::defineClass@45 (line 767)
  0x000002467583f5cc: 900c c2ff | e98f fbff | ff41 8b51 | 0c48 c1e2 | 0348 83fa | 000f 84c2 | fbff ff48 

  0x000002467583f5e8: ;   {runtime_call g1_pre_barrier_slow}
  0x000002467583f5e8: 8914 24e8 | 7033 c2ff | e9b4 fbff | ff48 83f8 | 000f 84c9 | fbff ff4c 

  0x000002467583f600: ;   {runtime_call g1_post_barrier_slow}
  0x000002467583f600: 890c 24e8 | 5836 c2ff | e9bb fbff | ff48 8d84 | 24e0 0000 | 0048 8904 

  0x000002467583f618: ;   {runtime_call C1 Runtime monitorexit_nofpu_blob}
  0x000002467583f618: 24e8 4212 | c2ff e908 | fcff ff48 

  0x000002467583f624: ;   {runtime_call C1 Runtime throw_class_cast_exception_blob}
  0x000002467583f624: 8914 24e8 

  0x000002467583f628: ; ImmutableOopMap {[144]=Oop [152]=Oop [160]=Oop [168]=Oop }
                      ;*checkcast {reexecute=0 rethrow=0 return_oop=0}
                      ; - jdk.internal.loader.Resource::getByteBuffer@13 (line 135)
                      ; - jdk.internal.loader.BuiltinClassLoader::defineClass@45 (line 767)
  0x000002467583f628: b4f9 c1ff 

  0x000002467583f62c: ;   {runtime_call C1 Runtime fast_new_instance_blob}
  0x000002467583f62c: 488b d2e8 

  0x000002467583f630: ; ImmutableOopMap {r9=Oop [144]=Oop [160]=Oop [168]=Oop [184]=Oop }
                      ;*new {reexecute=0 rethrow=0 return_oop=0}
                      ; - jdk.internal.loader.BuiltinClassLoader::defineClass@61 (line 770)
  0x000002467583f630: acde c1ff | e942 fdff 

  0x000002467583f638: ;   {internal_word}
  0x000002467583f638: ff49 baec | f383 7546 | 0200 004d | 8997 e004 

  0x000002467583f648: ;   {runtime_call SafepointBlob}
  0x000002467583f648: 0000 e911 | 19b7 ff48 

  0x000002467583f650: ;   {runtime_call C1 Runtime fast_new_instance_blob}
  0x000002467583f650: 8bd2 e889 

  0x000002467583f654: ; ImmutableOopMap {r9=Oop [144]=Oop [160]=Oop [168]=Oop [200]=Oop }
                      ;*new {reexecute=0 rethrow=0 return_oop=0}
                      ; - jdk.internal.loader.BuiltinClassLoader::defineClass@95 (line 775)
  0x000002467583f654: dec1 ffe9 | 3ffe ffff 

  0x000002467583f65c: ;   {runtime_call C1 Runtime throw_null_pointer_exception_blob}
  0x000002467583f65c: e87f d5c1 

  0x000002467583f660: ; ImmutableOopMap {rax=Oop [144]=Oop [160]=Oop [200]=Oop [208]=Oop }
                      ;*arraylength {reexecute=0 rethrow=0 return_oop=0}
                      ; - jdk.internal.loader.BuiltinClassLoader::defineClass@114 (line 776)
                      ;   {internal_word}
  0x000002467583f660: ff49 ba2c | f583 7546 | 0200 004d | 8997 e004 

  0x000002467583f670: ;   {runtime_call SafepointBlob}
  0x000002467583f670: 0000 e9e9 | 18b7 ff48 | 8d84 24e0 | 0000 0048 

  0x000002467583f680: ;   {runtime_call C1 Runtime monitorexit_nofpu_blob}
  0x000002467583f680: 8904 24e8 | d811 c2ff | e923 ffff | ff49 8b87 | 8805 0000 | 49c7 8788 | 0500 0000 | 0000 0049 
  0x000002467583f6a0: c787 9005 | 0000 0000 | 0000 4881 | c400 0100 

  0x000002467583f6b0: ;   {runtime_call C1 Runtime unwind_exception_blob}
  0x000002467583f6b0: 005d e929 | c2c1 fff4 
[Stub Code]
  0x000002467583f6b8: ;   {other}
  0x000002467583f6b8: 0f1f 4400 

  0x000002467583f6bc: ;   {static_stub}
  0x000002467583f6bc: 0048 bb00 | 0000 0000 

  0x000002467583f6c4: ;   {runtime_call nmethod}
  0x000002467583f6c4: 0000 00e9 | fbff ffff 

  0x000002467583f6cc: ;   {static_stub}
  0x000002467583f6cc: 9048 bb00 | 0000 0000 

  0x000002467583f6d4: ;   {runtime_call nmethod}
  0x000002467583f6d4: 0000 00e9 | fbff ffff 

  0x000002467583f6dc: ;   {static_stub}
  0x000002467583f6dc: 9048 bb00 | 0000 0000 

  0x000002467583f6e4: ;   {runtime_call nmethod}
  0x000002467583f6e4: 0000 00e9 | fbff ffff 

  0x000002467583f6ec: ;   {static_stub}
  0x000002467583f6ec: 9048 bb00 | 0000 0000 

  0x000002467583f6f4: ;   {runtime_call nmethod}
  0x000002467583f6f4: 0000 00e9 | fbff ffff 

  0x000002467583f6fc: ;   {static_stub}
  0x000002467583f6fc: 9048 bb00 | 0000 0000 

  0x000002467583f704: ;   {runtime_call nmethod}
  0x000002467583f704: 0000 00e9 | fbff ffff 

  0x000002467583f70c: ;   {static_stub}
  0x000002467583f70c: 9048 bb00 | 0000 0000 

  0x000002467583f714: ;   {runtime_call nmethod}
  0x000002467583f714: 0000 00e9 | fbff ffff 

  0x000002467583f71c: ;   {static_stub}
  0x000002467583f71c: 9048 bb00 | 0000 0000 

  0x000002467583f724: ;   {runtime_call nmethod}
  0x000002467583f724: 0000 00e9 | fbff ffff 

  0x000002467583f72c: ;   {static_stub}
  0x000002467583f72c: 9048 bb00 | 0000 0000 

  0x000002467583f734: ;   {runtime_call nmethod}
  0x000002467583f734: 0000 00e9 | fbff ffff 

  0x000002467583f73c: ;   {static_stub}
  0x000002467583f73c: 48bb 0000 | 0000 0000 

  0x000002467583f744: ;   {runtime_call nmethod}
  0x000002467583f744: 0000 e9fb 

  0x000002467583f748: ;   {static_stub}
  0x000002467583f748: ffff ff48 | bb00 0000 | 0000 0000 

  0x000002467583f754: ;   {runtime_call nmethod}
  0x000002467583f754: 00e9 fbff 

  0x000002467583f758: ;   {static_stub}
  0x000002467583f758: ffff 48bb | 0000 0000 | 0000 0000 

  0x000002467583f764: ;   {runtime_call nmethod}
  0x000002467583f764: e9fb ffff 

  0x000002467583f768: ;   {static_stub}
  0x000002467583f768: ff48 bb00 | 0000 0000 

  0x000002467583f770: ;   {runtime_call nmethod}
  0x000002467583f770: 0000 00e9 | fbff ffff 

  0x000002467583f778: ;   {static_stub}
  0x000002467583f778: 48bb 0000 | 0000 0000 

  0x000002467583f780: ;   {runtime_call nmethod}
  0x000002467583f780: 0000 e9fb 

  0x000002467583f784: ;   {static_stub}
  0x000002467583f784: ffff ff48 | bb00 0000 | 0000 0000 

  0x000002467583f790: ;   {runtime_call nmethod}
  0x000002467583f790: 00e9 fbff 

  0x000002467583f794: ;   {static_stub}
  0x000002467583f794: ffff 48bb | 0000 0000 | 0000 0000 

  0x000002467583f7a0: ;   {runtime_call nmethod}
  0x000002467583f7a0: e9fb ffff 

  0x000002467583f7a4: ;   {runtime_call C1 Runtime handle_exception_from_callee_blob}
  0x000002467583f7a4: ffe8 36f2 

  0x000002467583f7a8: ;   {external_word}
  0x000002467583f7a8: c1ff 48b9 | 4808 3d07 | f97f 0000 | 4883 e4f0 

  0x000002467583f7b8: ;   {runtime_call}
  0x000002467583f7b8: 48b8 008d | 0007 f97f | 0000 ffd0 

  0x000002467583f7c4: ;   {section_word}
  0x000002467583f7c4: f449 bac5 | f783 7546 | 0200 0041 

  0x000002467583f7d0: ;   {runtime_call DeoptimizationBlob}
  0x000002467583f7d0: 52e9 8a1a | b7ff f4f4 
[/MachCode]


---------------  P R O C E S S  ---------------

Threads class SMR info:
_java_thread_list=0x00000246063b0d60, length=19, elements={
0x000002466caef2e0, 0x0000024605002090, 0x0000024605002850, 0x0000024605007030,
0x000002460500ad40, 0x000002460500df90, 0x000002460500edd0, 0x0000024605010ad0,
0x000002467de4dc20, 0x0000024605136890, 0x0000024605177970, 0x0000024605643980,
0x000002460563ec10, 0x0000024605bdcec0, 0x0000024605be1300, 0x0000024605f6f2b0,
0x00000246061d0710, 0x00000246061d3740, 0x00000246063ab4d0
}

Java Threads: ( => current thread )
  0x000002466caef2e0 JavaThread "main"                              [_thread_blocked, id=10172, stack(0x000000659cd00000,0x000000659ce00000) (1024K)]
  0x0000024605002090 JavaThread "Reference Handler"          daemon [_thread_blocked, id=8468, stack(0x000000659d500000,0x000000659d600000) (1024K)]
  0x0000024605002850 JavaThread "Finalizer"                  daemon [_thread_blocked, id=13472, stack(0x000000659d600000,0x000000659d700000) (1024K)]
  0x0000024605007030 JavaThread "Signal Dispatcher"          daemon [_thread_blocked, id=15648, stack(0x000000659d700000,0x000000659d800000) (1024K)]
  0x000002460500ad40 JavaThread "Attach Listener"            daemon [_thread_blocked, id=4396, stack(0x000000659d800000,0x000000659d900000) (1024K)]
  0x000002460500df90 JavaThread "Service Thread"             daemon [_thread_blocked, id=24812, stack(0x000000659d900000,0x000000659da00000) (1024K)]
  0x000002460500edd0 JavaThread "Monitor Deflation Thread"   daemon [_thread_blocked, id=25052, stack(0x000000659da00000,0x000000659db00000) (1024K)]
  0x0000024605010ad0 JavaThread "C1 CompilerThread0"         daemon [_thread_blocked, id=25580, stack(0x000000659db00000,0x000000659dc00000) (1024K)]
  0x000002467de4dc20 JavaThread "C1 CompilerThread1"         daemon [_thread_blocked, id=5384, stack(0x000000659dc00000,0x000000659dd00000) (1024K)]
  0x0000024605136890 JavaThread "C1 CompilerThread2"         daemon [_thread_blocked, id=24948, stack(0x000000659dd00000,0x000000659de00000) (1024K)]
  0x0000024605177970 JavaThread "Common-Cleaner"             daemon [_thread_blocked, id=24844, stack(0x000000659de00000,0x000000659df00000) (1024K)]
  0x0000024605643980 JavaThread "Monitor Ctrl-Break"         daemon [_thread_in_native, id=18988, stack(0x000000659df00000,0x000000659e000000) (1024K)]
  0x000002460563ec10 JavaThread "Notification Thread"        daemon [_thread_blocked, id=11076, stack(0x000000659e000000,0x000000659e100000) (1024K)]
  0x0000024605bdcec0 JavaThread "C1 CompilerThread3"         daemon [_thread_blocked, id=14840, stack(0x000000659e100000,0x000000659e200000) (1024K)]
  0x0000024605be1300 JavaThread "C1 CompilerThread4"         daemon [_thread_blocked, id=24344, stack(0x000000659e200000,0x000000659e300000) (1024K)]
  0x0000024605f6f2b0 JavaThread "RMI TCP Accept-0"           daemon [_thread_in_native, id=6560, stack(0x000000659e300000,0x000000659e400000) (1024K)]
  0x00000246061d0710 JavaThread "Thread-0"                          [_thread_blocked, id=16392, stack(0x000000659e400000,0x000000659e500000) (1024K)]
  0x00000246061d3740 JavaThread "restartedMain"                     [_thread_in_vm, id=4180, stack(0x000000659e500000,0x000000659e600000) (1024K)]
=>0x00000246063ab4d0 JavaThread "background-preinit"                [_thread_in_vm, id=12320, stack(0x000000659ec00000,0x000000659ed00000) (1024K)]
Total: 19

Other Threads:
  0x000002467de32600 VMThread "VM Thread"                           [id=23920, stack(0x000000659d400000,0x000000659d500000) (1024K)]
  0x000002467de258c0 WatcherThread "VM Periodic Task Thread"        [id=5244, stack(0x000000659d300000,0x000000659d400000) (1024K)]
  0x000002466cb582f0 WorkerThread "GC Thread#0"                     [id=20744, stack(0x000000659ce00000,0x000000659cf00000) (1024K)]
  0x000002460633e1c0 WorkerThread "GC Thread#1"                     [id=18352, stack(0x000000659e600000,0x000000659e700000) (1024K)]
  0x000002460633e5f0 WorkerThread "GC Thread#2"                     [id=356, stack(0x000000659e700000,0x000000659e800000) (1024K)]
  0x000002460633ea20 WorkerThread "GC Thread#3"                     [id=24724, stack(0x000000659e800000,0x000000659e900000) (1024K)]
  0x000002460633ee50 WorkerThread "GC Thread#4"                     [id=14196, stack(0x000000659e900000,0x000000659ea00000) (1024K)]
  0x000002460633f280 WorkerThread "GC Thread#5"                     [id=19432, stack(0x000000659ea00000,0x000000659eb00000) (1024K)]
  0x0000024606371c90 WorkerThread "GC Thread#6"                     [id=20500, stack(0x000000659eb00000,0x000000659ec00000) (1024K)]
  0x000002466cb6db70 ConcurrentGCThread "G1 Main Marker"            [id=10448, stack(0x000000659cf00000,0x000000659d000000) (1024K)]
  0x000002467dc92f00 WorkerThread "G1 Conc#0"                       [id=9860, stack(0x000000659d000000,0x000000659d100000) (1024K)]
  0x000002467dcf09e0 ConcurrentGCThread "G1 Refine#0"               [id=11360, stack(0x000000659d100000,0x000000659d200000) (1024K)]
  0x000002467dcf15f0 ConcurrentGCThread "G1 Service"                [id=15168, stack(0x000000659d200000,0x000000659d300000) (1024K)]
Total: 13

Threads with active compile tasks:
Total: 0

VM state: not at safepoint (normal execution)

VM Mutex/Monitor currently owned by a thread:  ([mutex/lock_event])
[0x00007ff9076972e8] Metaspace_lock - owner thread: 0x00000246063ab4d0

Heap address: 0x0000000705c00000, size: 4004 MB, Compressed Oops mode: Zero based, Oop shift amount: 3

CDS archive(s) mapped at: [0x0000000093000000-0x0000000093dd0000-0x0000000093dd0000), size 14483456, SharedBaseAddress: 0x0000000093000000, ArchiveRelocationMode: 1.
Compressed class space mapped at: 0x0000000094000000-0x00000000d4000000, reserved size: 1073741824
UseCompressedClassPointers 1, UseCompactObjectHeaders 0
Narrow klass pointer bits 32, Max shift 3
Narrow klass base: 0x0000000093000000, Narrow klass shift: 0
Encoding Range: [0x0000000093000000 - 0x0000000193000000), (4294967296 bytes)
Klass Range:    [0x0000000093010000 - 0x00000000d4000000), (1090453504 bytes)
Klass ID Range:  [65536 - 1090519033) (1090453497)
Protection zone: [0x0000000093000000 - 0x0000000093010000), (65536 bytes)

GC Precious Log:
 CardTable entry size: 512
 Card Set container configuration: InlinePtr #cards 4 size 8 Array Of Cards #cards 16 size 48 Howl #buckets 8 coarsen threshold 3686 Howl Bitmap #cards 512 size 80 coarsen threshold 460 Card regions per heap region 1 cards per card region 4096
 CPUs: 20 total, 20 available
 Memory: 16008M
 Large Page Support: Disabled
 NUMA Support: Disabled
 Compressed Oops: Enabled (Zero based)
 Heap Region Size: 2M
 Heap Min Capacity: 8M
 Heap Initial Capacity: 252M
 Heap Max Capacity: 4004M
 Pre-touch: Disabled
 Parallel Workers: 15
 Concurrent Workers: 4
 Concurrent Refinement Workers: 15
 Periodic GC: Disabled

Heap:
 garbage-first heap   total reserved 4100096K, committed 260096K, used 16987K [0x0000000705c00000, 0x0000000800000000)
  region size 2048K, 8 young (16384K), 3 survivors (6144K)

Heap Regions: E=young(eden), S=young(survivor), O=old, HS=humongous(starts), HC=humongous(continues), CS=collection set, F=free, TAMS=top-at-mark-start, PB=parsable bottom
|   0|0x0000000705c00000, 0x0000000705d71758, 0x0000000705e00000| 72%| O|  |TAMS 0x0000000705c00000| PB 0x0000000705c00000| Untracked |  0
|   1|0x0000000705e00000, 0x0000000705e00000, 0x0000000706000000|  0%| F|  |TAMS 0x0000000705e00000| PB 0x0000000705e00000| Untracked |  0
|   2|0x0000000706000000, 0x0000000706000000, 0x0000000706200000|  0%| F|  |TAMS 0x0000000706000000| PB 0x0000000706000000| Untracked |  0
|   3|0x0000000706200000, 0x0000000706200000, 0x0000000706400000|  0%| F|  |TAMS 0x0000000706200000| PB 0x0000000706200000| Untracked |  0
|   4|0x0000000706400000, 0x0000000706400000, 0x0000000706600000|  0%| F|  |TAMS 0x0000000706400000| PB 0x0000000706400000| Untracked |  0
|   5|0x0000000706600000, 0x0000000706600000, 0x0000000706800000|  0%| F|  |TAMS 0x0000000706600000| PB 0x0000000706600000| Untracked |  0
|   6|0x0000000706800000, 0x0000000706800000, 0x0000000706a00000|  0%| F|  |TAMS 0x0000000706800000| PB 0x0000000706800000| Untracked |  0
|   7|0x0000000706a00000, 0x0000000706a00000, 0x0000000706c00000|  0%| F|  |TAMS 0x0000000706a00000| PB 0x0000000706a00000| Untracked |  0
|   8|0x0000000706c00000, 0x0000000706c00000, 0x0000000706e00000|  0%| F|  |TAMS 0x0000000706c00000| PB 0x0000000706c00000| Untracked |  0
|   9|0x0000000706e00000, 0x0000000706e00000, 0x0000000707000000|  0%| F|  |TAMS 0x0000000706e00000| PB 0x0000000706e00000| Untracked |  0
|  10|0x0000000707000000, 0x0000000707000000, 0x0000000707200000|  0%| F|  |TAMS 0x0000000707000000| PB 0x0000000707000000| Untracked |  0
|  11|0x0000000707200000, 0x0000000707200000, 0x0000000707400000|  0%| F|  |TAMS 0x0000000707200000| PB 0x0000000707200000| Untracked |  0
|  12|0x0000000707400000, 0x0000000707400000, 0x0000000707600000|  0%| F|  |TAMS 0x0000000707400000| PB 0x0000000707400000| Untracked |  0
|  13|0x0000000707600000, 0x0000000707600000, 0x0000000707800000|  0%| F|  |TAMS 0x0000000707600000| PB 0x0000000707600000| Untracked |  0
|  14|0x0000000707800000, 0x0000000707800000, 0x0000000707a00000|  0%| F|  |TAMS 0x0000000707800000| PB 0x0000000707800000| Untracked |  0
|  15|0x0000000707a00000, 0x0000000707a00000, 0x0000000707c00000|  0%| F|  |TAMS 0x0000000707a00000| PB 0x0000000707a00000| Untracked |  0
|  16|0x0000000707c00000, 0x0000000707c00000, 0x0000000707e00000|  0%| F|  |TAMS 0x0000000707c00000| PB 0x0000000707c00000| Untracked |  0
|  17|0x0000000707e00000, 0x0000000707e00000, 0x0000000708000000|  0%| F|  |TAMS 0x0000000707e00000| PB 0x0000000707e00000| Untracked |  0
|  18|0x0000000708000000, 0x0000000708000000, 0x0000000708200000|  0%| F|  |TAMS 0x0000000708000000| PB 0x0000000708000000| Untracked |  0
|  19|0x0000000708200000, 0x0000000708200000, 0x0000000708400000|  0%| F|  |TAMS 0x0000000708200000| PB 0x0000000708200000| Untracked |  0
|  20|0x0000000708400000, 0x0000000708400000, 0x0000000708600000|  0%| F|  |TAMS 0x0000000708400000| PB 0x0000000708400000| Untracked |  0
|  21|0x0000000708600000, 0x0000000708600000, 0x0000000708800000|  0%| F|  |TAMS 0x0000000708600000| PB 0x0000000708600000| Untracked |  0
|  22|0x0000000708800000, 0x0000000708800000, 0x0000000708a00000|  0%| F|  |TAMS 0x0000000708800000| PB 0x0000000708800000| Untracked |  0
|  23|0x0000000708a00000, 0x0000000708a00000, 0x0000000708c00000|  0%| F|  |TAMS 0x0000000708a00000| PB 0x0000000708a00000| Untracked |  0
|  24|0x0000000708c00000, 0x0000000708c00000, 0x0000000708e00000|  0%| F|  |TAMS 0x0000000708c00000| PB 0x0000000708c00000| Untracked |  0
|  25|0x0000000708e00000, 0x0000000708e00000, 0x0000000709000000|  0%| F|  |TAMS 0x0000000708e00000| PB 0x0000000708e00000| Untracked |  0
|  26|0x0000000709000000, 0x0000000709000000, 0x0000000709200000|  0%| F|  |TAMS 0x0000000709000000| PB 0x0000000709000000| Untracked |  0
|  27|0x0000000709200000, 0x0000000709200000, 0x0000000709400000|  0%| F|  |TAMS 0x0000000709200000| PB 0x0000000709200000| Untracked |  0
|  28|0x0000000709400000, 0x0000000709400000, 0x0000000709600000|  0%| F|  |TAMS 0x0000000709400000| PB 0x0000000709400000| Untracked |  0
|  29|0x0000000709600000, 0x0000000709600000, 0x0000000709800000|  0%| F|  |TAMS 0x0000000709600000| PB 0x0000000709600000| Untracked |  0
|  30|0x0000000709800000, 0x0000000709800000, 0x0000000709a00000|  0%| F|  |TAMS 0x0000000709800000| PB 0x0000000709800000| Untracked |  0
|  31|0x0000000709a00000, 0x0000000709a00000, 0x0000000709c00000|  0%| F|  |TAMS 0x0000000709a00000| PB 0x0000000709a00000| Untracked |  0
|  32|0x0000000709c00000, 0x0000000709c00000, 0x0000000709e00000|  0%| F|  |TAMS 0x0000000709c00000| PB 0x0000000709c00000| Untracked |  0
|  33|0x0000000709e00000, 0x0000000709e00000, 0x000000070a000000|  0%| F|  |TAMS 0x0000000709e00000| PB 0x0000000709e00000| Untracked |  0
|  34|0x000000070a000000, 0x000000070a000000, 0x000000070a200000|  0%| F|  |TAMS 0x000000070a000000| PB 0x000000070a000000| Untracked |  0
|  35|0x000000070a200000, 0x000000070a200000, 0x000000070a400000|  0%| F|  |TAMS 0x000000070a200000| PB 0x000000070a200000| Untracked |  0
|  36|0x000000070a400000, 0x000000070a400000, 0x000000070a600000|  0%| F|  |TAMS 0x000000070a400000| PB 0x000000070a400000| Untracked |  0
|  37|0x000000070a600000, 0x000000070a600000, 0x000000070a800000|  0%| F|  |TAMS 0x000000070a600000| PB 0x000000070a600000| Untracked |  0
|  38|0x000000070a800000, 0x000000070a800000, 0x000000070aa00000|  0%| F|  |TAMS 0x000000070a800000| PB 0x000000070a800000| Untracked |  0
|  39|0x000000070aa00000, 0x000000070aa00000, 0x000000070ac00000|  0%| F|  |TAMS 0x000000070aa00000| PB 0x000000070aa00000| Untracked |  0
|  40|0x000000070ac00000, 0x000000070ac00000, 0x000000070ae00000|  0%| F|  |TAMS 0x000000070ac00000| PB 0x000000070ac00000| Untracked |  0
|  41|0x000000070ae00000, 0x000000070ae00000, 0x000000070b000000|  0%| F|  |TAMS 0x000000070ae00000| PB 0x000000070ae00000| Untracked |  0
|  42|0x000000070b000000, 0x000000070b000000, 0x000000070b200000|  0%| F|  |TAMS 0x000000070b000000| PB 0x000000070b000000| Untracked |  0
|  43|0x000000070b200000, 0x000000070b200000, 0x000000070b400000|  0%| F|  |TAMS 0x000000070b200000| PB 0x000000070b200000| Untracked |  0
|  44|0x000000070b400000, 0x000000070b400000, 0x000000070b600000|  0%| F|  |TAMS 0x000000070b400000| PB 0x000000070b400000| Untracked |  0
|  45|0x000000070b600000, 0x000000070b600000, 0x000000070b800000|  0%| F|  |TAMS 0x000000070b600000| PB 0x000000070b600000| Untracked |  0
|  46|0x000000070b800000, 0x000000070b800000, 0x000000070ba00000|  0%| F|  |TAMS 0x000000070b800000| PB 0x000000070b800000| Untracked |  0
|  47|0x000000070ba00000, 0x000000070ba00000, 0x000000070bc00000|  0%| F|  |TAMS 0x000000070ba00000| PB 0x000000070ba00000| Untracked |  0
|  48|0x000000070bc00000, 0x000000070bc00000, 0x000000070be00000|  0%| F|  |TAMS 0x000000070bc00000| PB 0x000000070bc00000| Untracked |  0
|  49|0x000000070be00000, 0x000000070be00000, 0x000000070c000000|  0%| F|  |TAMS 0x000000070be00000| PB 0x000000070be00000| Untracked |  0
|  50|0x000000070c000000, 0x000000070c000000, 0x000000070c200000|  0%| F|  |TAMS 0x000000070c000000| PB 0x000000070c000000| Untracked |  0
|  51|0x000000070c200000, 0x000000070c200000, 0x000000070c400000|  0%| F|  |TAMS 0x000000070c200000| PB 0x000000070c200000| Untracked |  0
|  52|0x000000070c400000, 0x000000070c400000, 0x000000070c600000|  0%| F|  |TAMS 0x000000070c400000| PB 0x000000070c400000| Untracked |  0
|  53|0x000000070c600000, 0x000000070c600000, 0x000000070c800000|  0%| F|  |TAMS 0x000000070c600000| PB 0x000000070c600000| Untracked |  0
|  54|0x000000070c800000, 0x000000070c800000, 0x000000070ca00000|  0%| F|  |TAMS 0x000000070c800000| PB 0x000000070c800000| Untracked |  0
|  55|0x000000070ca00000, 0x000000070ca00000, 0x000000070cc00000|  0%| F|  |TAMS 0x000000070ca00000| PB 0x000000070ca00000| Untracked |  0
|  56|0x000000070cc00000, 0x000000070cc00000, 0x000000070ce00000|  0%| F|  |TAMS 0x000000070cc00000| PB 0x000000070cc00000| Untracked |  0
|  57|0x000000070ce00000, 0x000000070ce00000, 0x000000070d000000|  0%| F|  |TAMS 0x000000070ce00000| PB 0x000000070ce00000| Untracked |  0
|  58|0x000000070d000000, 0x000000070d000000, 0x000000070d200000|  0%| F|  |TAMS 0x000000070d000000| PB 0x000000070d000000| Untracked |  0
|  59|0x000000070d200000, 0x000000070d200000, 0x000000070d400000|  0%| F|  |TAMS 0x000000070d200000| PB 0x000000070d200000| Untracked |  0
|  60|0x000000070d400000, 0x000000070d400000, 0x000000070d600000|  0%| F|  |TAMS 0x000000070d400000| PB 0x000000070d400000| Untracked |  0
|  61|0x000000070d600000, 0x000000070d600000, 0x000000070d800000|  0%| F|  |TAMS 0x000000070d600000| PB 0x000000070d600000| Untracked |  0
|  62|0x000000070d800000, 0x000000070d800000, 0x000000070da00000|  0%| F|  |TAMS 0x000000070d800000| PB 0x000000070d800000| Untracked |  0
|  63|0x000000070da00000, 0x000000070da00000, 0x000000070dc00000|  0%| F|  |TAMS 0x000000070da00000| PB 0x000000070da00000| Untracked |  0
|  64|0x000000070dc00000, 0x000000070dc00000, 0x000000070de00000|  0%| F|  |TAMS 0x000000070dc00000| PB 0x000000070dc00000| Untracked |  0
|  65|0x000000070de00000, 0x000000070de00000, 0x000000070e000000|  0%| F|  |TAMS 0x000000070de00000| PB 0x000000070de00000| Untracked |  0
|  66|0x000000070e000000, 0x000000070e000000, 0x000000070e200000|  0%| F|  |TAMS 0x000000070e000000| PB 0x000000070e000000| Untracked |  0
|  67|0x000000070e200000, 0x000000070e200000, 0x000000070e400000|  0%| F|  |TAMS 0x000000070e200000| PB 0x000000070e200000| Untracked |  0
|  68|0x000000070e400000, 0x000000070e400000, 0x000000070e600000|  0%| F|  |TAMS 0x000000070e400000| PB 0x000000070e400000| Untracked |  0
|  69|0x000000070e600000, 0x000000070e600000, 0x000000070e800000|  0%| F|  |TAMS 0x000000070e600000| PB 0x000000070e600000| Untracked |  0
|  70|0x000000070e800000, 0x000000070e800000, 0x000000070ea00000|  0%| F|  |TAMS 0x000000070e800000| PB 0x000000070e800000| Untracked |  0
|  71|0x000000070ea00000, 0x000000070ea00000, 0x000000070ec00000|  0%| F|  |TAMS 0x000000070ea00000| PB 0x000000070ea00000| Untracked |  0
|  72|0x000000070ec00000, 0x000000070ec00000, 0x000000070ee00000|  0%| F|  |TAMS 0x000000070ec00000| PB 0x000000070ec00000| Untracked |  0
|  73|0x000000070ee00000, 0x000000070ee00000, 0x000000070f000000|  0%| F|  |TAMS 0x000000070ee00000| PB 0x000000070ee00000| Untracked |  0
|  74|0x000000070f000000, 0x000000070f000000, 0x000000070f200000|  0%| F|  |TAMS 0x000000070f000000| PB 0x000000070f000000| Untracked |  0
|  75|0x000000070f200000, 0x000000070f200000, 0x000000070f400000|  0%| F|  |TAMS 0x000000070f200000| PB 0x000000070f200000| Untracked |  0
|  76|0x000000070f400000, 0x000000070f400000, 0x000000070f600000|  0%| F|  |TAMS 0x000000070f400000| PB 0x000000070f400000| Untracked |  0
|  77|0x000000070f600000, 0x000000070f600000, 0x000000070f800000|  0%| F|  |TAMS 0x000000070f600000| PB 0x000000070f600000| Untracked |  0
|  78|0x000000070f800000, 0x000000070f800000, 0x000000070fa00000|  0%| F|  |TAMS 0x000000070f800000| PB 0x000000070f800000| Untracked |  0
|  79|0x000000070fa00000, 0x000000070fa00000, 0x000000070fc00000|  0%| F|  |TAMS 0x000000070fa00000| PB 0x000000070fa00000| Untracked |  0
|  80|0x000000070fc00000, 0x000000070fc00000, 0x000000070fe00000|  0%| F|  |TAMS 0x000000070fc00000| PB 0x000000070fc00000| Untracked |  0
|  81|0x000000070fe00000, 0x000000070fe00000, 0x0000000710000000|  0%| F|  |TAMS 0x000000070fe00000| PB 0x000000070fe00000| Untracked |  0
|  82|0x0000000710000000, 0x0000000710000000, 0x0000000710200000|  0%| F|  |TAMS 0x0000000710000000| PB 0x0000000710000000| Untracked |  0
|  83|0x0000000710200000, 0x0000000710200000, 0x0000000710400000|  0%| F|  |TAMS 0x0000000710200000| PB 0x0000000710200000| Untracked |  0
|  84|0x0000000710400000, 0x0000000710400000, 0x0000000710600000|  0%| F|  |TAMS 0x0000000710400000| PB 0x0000000710400000| Untracked |  0
|  85|0x0000000710600000, 0x0000000710600000, 0x0000000710800000|  0%| F|  |TAMS 0x0000000710600000| PB 0x0000000710600000| Untracked |  0
|  86|0x0000000710800000, 0x0000000710800000, 0x0000000710a00000|  0%| F|  |TAMS 0x0000000710800000| PB 0x0000000710800000| Untracked |  0
|  87|0x0000000710a00000, 0x0000000710a00000, 0x0000000710c00000|  0%| F|  |TAMS 0x0000000710a00000| PB 0x0000000710a00000| Untracked |  0
|  88|0x0000000710c00000, 0x0000000710c00000, 0x0000000710e00000|  0%| F|  |TAMS 0x0000000710c00000| PB 0x0000000710c00000| Untracked |  0
|  89|0x0000000710e00000, 0x0000000710e00000, 0x0000000711000000|  0%| F|  |TAMS 0x0000000710e00000| PB 0x0000000710e00000| Untracked |  0
|  90|0x0000000711000000, 0x0000000711000000, 0x0000000711200000|  0%| F|  |TAMS 0x0000000711000000| PB 0x0000000711000000| Untracked |  0
|  91|0x0000000711200000, 0x0000000711200000, 0x0000000711400000|  0%| F|  |TAMS 0x0000000711200000| PB 0x0000000711200000| Untracked |  0
|  92|0x0000000711400000, 0x0000000711400000, 0x0000000711600000|  0%| F|  |TAMS 0x0000000711400000| PB 0x0000000711400000| Untracked |  0
|  93|0x0000000711600000, 0x0000000711600000, 0x0000000711800000|  0%| F|  |TAMS 0x0000000711600000| PB 0x0000000711600000| Untracked |  0
|  94|0x0000000711800000, 0x0000000711800000, 0x0000000711a00000|  0%| F|  |TAMS 0x0000000711800000| PB 0x0000000711800000| Untracked |  0
|  95|0x0000000711a00000, 0x0000000711a00000, 0x0000000711c00000|  0%| F|  |TAMS 0x0000000711a00000| PB 0x0000000711a00000| Untracked |  0
|  96|0x0000000711c00000, 0x0000000711c00000, 0x0000000711e00000|  0%| F|  |TAMS 0x0000000711c00000| PB 0x0000000711c00000| Untracked |  0
|  97|0x0000000711e00000, 0x0000000711e00000, 0x0000000712000000|  0%| F|  |TAMS 0x0000000711e00000| PB 0x0000000711e00000| Untracked |  0
|  98|0x0000000712000000, 0x0000000712000000, 0x0000000712200000|  0%| F|  |TAMS 0x0000000712000000| PB 0x0000000712000000| Untracked |  0
|  99|0x0000000712200000, 0x0000000712400000, 0x0000000712400000|100%| S|CS|TAMS 0x0000000712200000| PB 0x0000000712200000| Complete |  0
| 100|0x0000000712400000, 0x0000000712600000, 0x0000000712600000|100%| S|CS|TAMS 0x0000000712400000| PB 0x0000000712400000| Complete |  0
| 101|0x0000000712600000, 0x0000000712800000, 0x0000000712800000|100%| S|CS|TAMS 0x0000000712600000| PB 0x0000000712600000| Complete |  0
| 102|0x0000000712800000, 0x0000000712800000, 0x0000000712a00000|  0%| F|  |TAMS 0x0000000712800000| PB 0x0000000712800000| Untracked |  0
| 103|0x0000000712a00000, 0x0000000712a00000, 0x0000000712c00000|  0%| F|  |TAMS 0x0000000712a00000| PB 0x0000000712a00000| Untracked |  0
| 104|0x0000000712c00000, 0x0000000712c00000, 0x0000000712e00000|  0%| F|  |TAMS 0x0000000712c00000| PB 0x0000000712c00000| Untracked |  0
| 105|0x0000000712e00000, 0x0000000712e00000, 0x0000000713000000|  0%| F|  |TAMS 0x0000000712e00000| PB 0x0000000712e00000| Untracked |  0
| 106|0x0000000713000000, 0x0000000713000000, 0x0000000713200000|  0%| F|  |TAMS 0x0000000713000000| PB 0x0000000713000000| Untracked |  0
| 107|0x0000000713200000, 0x0000000713200000, 0x0000000713400000|  0%| F|  |TAMS 0x0000000713200000| PB 0x0000000713200000| Untracked |  0
| 108|0x0000000713400000, 0x0000000713400000, 0x0000000713600000|  0%| F|  |TAMS 0x0000000713400000| PB 0x0000000713400000| Untracked |  0
| 109|0x0000000713600000, 0x0000000713600000, 0x0000000713800000|  0%| F|  |TAMS 0x0000000713600000| PB 0x0000000713600000| Untracked |  0
| 110|0x0000000713800000, 0x0000000713800000, 0x0000000713a00000|  0%| F|  |TAMS 0x0000000713800000| PB 0x0000000713800000| Untracked |  0
| 111|0x0000000713a00000, 0x0000000713a00000, 0x0000000713c00000|  0%| F|  |TAMS 0x0000000713a00000| PB 0x0000000713a00000| Untracked |  0
| 112|0x0000000713c00000, 0x0000000713c00000, 0x0000000713e00000|  0%| F|  |TAMS 0x0000000713c00000| PB 0x0000000713c00000| Untracked |  0
| 113|0x0000000713e00000, 0x0000000713e00000, 0x0000000714000000|  0%| F|  |TAMS 0x0000000713e00000| PB 0x0000000713e00000| Untracked |  0
| 114|0x0000000714000000, 0x0000000714000000, 0x0000000714200000|  0%| F|  |TAMS 0x0000000714000000| PB 0x0000000714000000| Untracked |  0
| 115|0x0000000714200000, 0x0000000714200000, 0x0000000714400000|  0%| F|  |TAMS 0x0000000714200000| PB 0x0000000714200000| Untracked |  0
| 116|0x0000000714400000, 0x0000000714400000, 0x0000000714600000|  0%| F|  |TAMS 0x0000000714400000| PB 0x0000000714400000| Untracked |  0
| 117|0x0000000714600000, 0x0000000714600000, 0x0000000714800000|  0%| F|  |TAMS 0x0000000714600000| PB 0x0000000714600000| Untracked |  0
| 118|0x0000000714800000, 0x0000000714800000, 0x0000000714a00000|  0%| F|  |TAMS 0x0000000714800000| PB 0x0000000714800000| Untracked |  0
| 119|0x0000000714a00000, 0x0000000714a00000, 0x0000000714c00000|  0%| F|  |TAMS 0x0000000714a00000| PB 0x0000000714a00000| Untracked |  0
| 120|0x0000000714c00000, 0x0000000714c00000, 0x0000000714e00000|  0%| F|  |TAMS 0x0000000714c00000| PB 0x0000000714c00000| Untracked |  0
| 121|0x0000000714e00000, 0x0000000714f27b18, 0x0000000715000000| 57%| E|  |TAMS 0x0000000714e00000| PB 0x0000000714e00000| Complete |  0
| 122|0x0000000715000000, 0x0000000715200000, 0x0000000715200000|100%| E|CS|TAMS 0x0000000715000000| PB 0x0000000715000000| Complete |  0
| 123|0x0000000715200000, 0x0000000715400000, 0x0000000715400000|100%| E|CS|TAMS 0x0000000715200000| PB 0x0000000715200000| Complete |  0
| 124|0x0000000715400000, 0x0000000715600000, 0x0000000715600000|100%| E|CS|TAMS 0x0000000715400000| PB 0x0000000715400000| Complete |  0
| 125|0x0000000715600000, 0x0000000715800000, 0x0000000715800000|100%| E|CS|TAMS 0x0000000715600000| PB 0x0000000715600000| Complete |  0
|2001|0x00000007ffe00000, 0x00000007fff256a0, 0x0000000800000000| 57%| O|  |TAMS 0x00000007ffe00000| PB 0x00000007ffe00000| Untracked |  0

Card table byte_map: [0x00000246794e0000,0x0000024679cc0000] _byte_map_base: 0x0000024675cb2000

Marking Bits: (CMBitMap*) 0x000002466cb58a80
 Bits: [0x0000024679cc0000, 0x000002467db50000)

Polling page: 0x000002466ac70000

Metaspace:
Metaspace        used 13003K, committed 13184K, reserved 1114112K
 class space     used 1455K, committed 1536K, reserved 1048576K

Usage:
  Non-class:     11.28 MB used.
      Class:      1.42 MB used.
       Both:     12.70 MB used.

Virtual space:
  Non-class space:       64.00 MB reserved,      11.38 MB ( 18%) committed,  1 nodes.
      Class space:        1.00 GB reserved,       1.50 MB ( <1%) committed,  1 nodes.
             Both:        1.06 GB reserved,      12.88 MB (  1%) committed. 

Chunk freelists:
   Non-Class:  4.55 MB
       Class:  14.38 MB
        Both:  18.92 MB

MaxMetaspaceSize: unlimited
CompressedClassSpaceSize: 1.00 GB
Initial GC threshold: 21.00 MB
Current GC threshold: 21.00 MB
CDS: on
 - commit_granule_bytes: 65536.
 - commit_granule_words: 8192.
 - virtual_space_node_default_size: 8388608.
 - enlarge_chunks_in_place: 1.
UseCompressedClassPointers 1, UseCompactObjectHeaders 0
Narrow klass pointer bits 32, Max shift 3
Narrow klass base: 0x0000000093000000, Narrow klass shift: 0
Encoding Range: [0x0000000093000000 - 0x0000000193000000), (4294967296 bytes)
Klass Range:    [0x0000000093010000 - 0x00000000d4000000), (1090453504 bytes)
Klass ID Range:  [65536 - 1090519033) (1090453497)
Protection zone: [0x0000000093000000 - 0x0000000093010000), (65536 bytes)


Internal statistics:

num_allocs_failed_limit: 0.
num_arena_births: 216.
num_arena_deaths: 0.
num_vsnodes_births: 2.
num_vsnodes_deaths: 0.
num_space_committed: 206.
num_space_uncommitted: 0.
num_chunks_returned_to_freelist: 0.
num_chunks_taken_from_freelist: 573.
num_chunk_merges: 0.
num_chunk_splits: 376.
num_chunks_enlarged: 266.
num_inconsistent_stats: 0.

CodeCache: size=49152Kb used=6074Kb max_used=6074Kb free=43077Kb
 bounds [0x0000024675360000, 0x0000024675950000, 0x0000024678360000]
 total_blobs=2933, nmethods=2423, adapters=430, full_count=0
Compilation: enabled, stopped_count=0, restarted_count=0

Compilation events (20 events):
Event: 0.705 Thread 0x0000024605be1300 2415       1       java.time.Instant::<init> (15 bytes)
Event: 0.705 Thread 0x0000024605136890 2416       1       java.time.Instant::ofEpochSecond (31 bytes)
Event: 0.705 Thread 0x0000024605bdcec0 2417       1       java.time.Instant::create (49 bytes)
Event: 0.705 Thread 0x0000024605010ad0 2418       1       java.time.Clock::currentInstant (84 bytes)
Event: 0.705 Thread 0x0000024605be1300 nmethod 2415 0x000002467594c408 code [0x000002467594c500, 0x000002467594c5c8]
Event: 0.705 Thread 0x0000024605bdcec0 nmethod 2417 0x000002467594c708 code [0x000002467594c800, 0x000002467594ca20]
Event: 0.705 Thread 0x0000024605136890 nmethod 2416 0x000002467594ca88 code [0x000002467594cb80, 0x000002467594ce30]
Event: 0.705 Thread 0x0000024605010ad0 nmethod 2418 0x000002467594ce88 code [0x000002467594cf80, 0x000002467594d538]
Event: 0.705 Thread 0x0000024605136890 2419       1       java.lang.Character::isUpperCase (5 bytes)
Event: 0.706 Thread 0x0000024605be1300 2420       1       java.lang.reflect.AccessibleObject::isAccessible (5 bytes)
Event: 0.706 Thread 0x0000024605136890 nmethod 2419 0x000002467594d588 code [0x000002467594d680, 0x000002467594d780]
Event: 0.706 Thread 0x0000024605bdcec0 2421       1       org.springframework.core.OrderComparator::getOrder (111 bytes)
Event: 0.706 Thread 0x0000024605136890 2422       1       org.springframework.core.OrderComparator::getOrder (22 bytes)
Event: 0.706 Thread 0x000002467de4dc20 2423       1       org.springframework.core.annotation.AnnotationAwareOrderComparator::findOrder (18 bytes)
Event: 0.706 Thread 0x0000024605be1300 nmethod 2420 0x000002467594d888 code [0x000002467594d980, 0x000002467594da48]
Event: 0.706 Thread 0x0000024605010ad0 2424       1       org.springframework.core.OrderComparator::findOrder (26 bytes)
Event: 0.706 Thread 0x0000024605136890 nmethod 2422 0x000002467594db88 code [0x000002467594dc80, 0x000002467594ddb0]
Event: 0.706 Thread 0x000002467de4dc20 nmethod 2423 0x000002467594de88 code [0x000002467594df80, 0x000002467594e1c0]
Event: 0.706 Thread 0x0000024605010ad0 nmethod 2424 0x000002467594e208 code [0x000002467594e300, 0x000002467594e578]
Event: 0.706 Thread 0x0000024605bdcec0 nmethod 2421 0x000002467594e588 code [0x000002467594e680, 0x000002467594e9c8]

GC Heap Usage History (2 events):
Event: 0.646 {heap Before GC invocations=0 (full 0):
 garbage-first heap   total reserved 4100096K, committed 260096K, used 50325K [0x0000000705c00000, 0x0000000800000000)
  region size 2048K, 24 young (49152K), 0 survivors (0K)
}
Event: 0.649 {heap After GC invocations=1 (full 0):
 garbage-first heap   total reserved 4100096K, committed 260096K, used 8795K [0x0000000705c00000, 0x0000000800000000)
  region size 2048K, 3 young (6144K), 3 survivors (6144K)
}

Metaspace Usage History (2 events):
Event: 0.646 {metaspace Before GC invocations=0 (full 0):
 Metaspace       used 11367K, committed 11648K, reserved 1114112K
  class space    used 1198K, committed 1344K, reserved 1048576K
}
Event: 0.649 {metaspace After GC invocations=1 (full 0):
 Metaspace       used 11367K, committed 11648K, reserved 1114112K
  class space    used 1198K, committed 1344K, reserved 1048576K
}

Dll operation events (10 events):
Event: 0.008 Loaded shared library E:\Java\bin\java.dll
Event: 0.069 Loaded shared library E:\Java\bin\zip.dll
Event: 0.072 Loaded shared library E:\java\bin\instrument.dll
Event: 0.074 Loaded shared library E:\java\bin\net.dll
Event: 0.075 Loaded shared library E:\java\bin\nio.dll
Event: 0.077 Loaded shared library E:\java\bin\zip.dll
Event: 0.178 Loaded shared library E:\java\bin\jimage.dll
Event: 0.182 Loaded shared library E:\java\bin\extnet.dll
Event: 0.187 Loaded shared library E:\java\bin\management.dll
Event: 0.193 Loaded shared library E:\java\bin\management_ext.dll

Deoptimization events (0 events):
No events

Classes loaded (20 events):
Event: 0.672 Loading class jdk/internal/io/JdkConsole
Event: 0.672 Loading class jdk/internal/io/JdkConsole done
Event: 0.673 Loading class java/util/AbstractMap$2
Event: 0.673 Loading class java/util/AbstractMap$2 done
Event: 0.673 Loading class java/util/AbstractMap$ValueIterator
Event: 0.673 Loading class java/util/AbstractMap$ValueIterator done
Event: 0.673 Loading class java/io/Console$1
Event: 0.673 Loading class jdk/internal/access/JavaIOAccess
Event: 0.673 Loading class jdk/internal/access/JavaIOAccess done
Event: 0.673 Loading class java/io/Console$1 done
Event: 0.677 Loading class java/util/concurrent/Executors$DefaultThreadFactory
Event: 0.677 Loading class java/util/concurrent/Executors$DefaultThreadFactory done
Event: 0.681 Loading class java/util/Collections$UnmodifiableMap$UnmodifiableEntrySet$UnmodifiableEntrySetSpliterator
Event: 0.681 Loading class java/util/Collections$UnmodifiableMap$UnmodifiableEntrySet$UnmodifiableEntrySetSpliterator done
Event: 0.685 Loading class java/util/Stack
Event: 0.685 Loading class java/util/Stack done
Event: 0.685 Loading class java/util/Vector$Itr
Event: 0.685 Loading class java/util/Vector$Itr done
Event: 0.705 Loading class java/util/AbstractList$ListItr
Event: 0.705 Loading class java/util/AbstractList$ListItr done

Classes unloaded (0 events):
No events

Classes redefined (0 events):
No events

Internal exceptions (20 events):
Event: 0.581 Thread 0x00000246061d3740 Exception <a 'java/lang/NoSuchMethodError'{0x0000000712f83cb8}: 'java.lang.Object java.lang.invoke.DirectMethodHandle$Holder.invokeSpecial(java.lang.Object, java.lang.Object, java.lang.Object, java.lang.Object, java.lang.Object, java.lang.Object, int)'> (0x0000000712f83cb8) 
thrown [s\open\src\hotspot\share\interpreter\linkResolver.cpp, line 804]
Event: 0.582 Thread 0x00000246061d3740 Exception <a 'java/lang/NoSuchMethodError'{0x0000000712f9dcf0}: 'void java.lang.invoke.DirectMethodHandle$Holder.invokeStaticInit(java.lang.Object, java.lang.Object)'> (0x0000000712f9dcf0) 
thrown [s\open\src\hotspot\share\interpreter\linkResolver.cpp, line 804]
Event: 0.583 Thread 0x00000246061d3740 Exception <a 'java/lang/NoSuchMethodError'{0x0000000712fc9800}: 'void java.lang.invoke.DirectMethodHandle$Holder.invokeInterface(java.lang.Object, java.lang.Object)'> (0x0000000712fc9800) 
thrown [s\open\src\hotspot\share\interpreter\linkResolver.cpp, line 804]
Event: 0.585 Thread 0x00000246061d3740 Exception <a 'java/lang/NoSuchMethodError'{0x0000000712c06680}: 'int java.lang.invoke.DirectMethodHandle$Holder.invokeStatic(java.lang.Object, java.lang.Object, java.lang.Object, java.lang.Object)'> (0x0000000712c06680) 
thrown [s\open\src\hotspot\share\interpreter\linkResolver.cpp, line 804]
Event: 0.590 Thread 0x00000246061d3740 Exception <a 'java/lang/NoSuchMethodError'{0x0000000712caa458}: 'java.lang.Object java.lang.invoke.DirectMethodHandle$Holder.newInvokeSpecial(java.lang.Object, java.lang.Object, java.lang.Object, java.lang.Object, java.lang.Object, java.lang.Object, int)'> (0x0000000712caa458) 
thrown [s\open\src\hotspot\share\interpreter\linkResolver.cpp, line 804]
Event: 0.590 Thread 0x00000246061d3740 Exception <a 'java/lang/NoSuchMethodError'{0x0000000712cb2fa0}: 'java.lang.Object java.lang.invoke.Invokers$Holder.linkToTargetMethod(java.lang.Object, java.lang.Object, java.lang.Object, java.lang.Object, java.lang.Object, int, java.lang.Object)'> (0x0000000712cb2fa0) 
thrown [s\open\src\hotspot\share\interpreter\linkResolver.cpp, line 804]
Event: 0.602 Thread 0x00000246061d3740 Exception <a 'java/lang/NoSuchMethodError'{0x0000000712a1aa18}: 'void java.lang.invoke.DirectMethodHandle$Holder.invokeSpecial(java.lang.Object, java.lang.Object, java.lang.Object, java.lang.Object, java.lang.Object)'> (0x0000000712a1aa18) 
thrown [s\open\src\hotspot\share\interpreter\linkResolver.cpp, line 804]
Event: 0.629 Thread 0x00000246061d3740 Exception <a 'java/lang/NoSuchMethodError'{0x0000000712831df8}: 'java.lang.Object java.lang.invoke.DirectMethodHandle$Holder.newInvokeSpecial(java.lang.Object, java.lang.Object, java.lang.Object, java.lang.Object, int, java.lang.Object)'> (0x0000000712831df8) 
thrown [s\open\src\hotspot\share\interpreter\linkResolver.cpp, line 804]
Event: 0.629 Thread 0x00000246061d3740 Exception <a 'java/lang/NoSuchMethodError'{0x000000071283a820}: 'java.lang.Object java.lang.invoke.DirectMethodHandle$Holder.invokeSpecial(java.lang.Object, java.lang.Object, java.lang.Object, java.lang.Object, java.lang.Object, int, java.lang.Object)'> (0x000000071283a820) 
thrown [s\open\src\hotspot\share\interpreter\linkResolver.cpp, line 804]
Event: 0.639 Thread 0x00000246061d3740 Exception <a 'java/lang/NoSuchMethodError'{0x000000071293ad10}: 'java.lang.Object java.lang.invoke.DirectMethodHandle$Holder.newInvokeSpecial(java.lang.Object, java.lang.Object, java.lang.Object, int, java.lang.Object)'> (0x000000071293ad10) 
thrown [s\open\src\hotspot\share\interpreter\linkResolver.cpp, line 804]
Event: 0.639 Thread 0x00000246061d3740 Exception <a 'java/lang/NoSuchMethodError'{0x0000000712943708}: 'java.lang.Object java.lang.invoke.DirectMethodHandle$Holder.invokeSpecial(java.lang.Object, java.lang.Object, java.lang.Object, java.lang.Object, int, java.lang.Object)'> (0x0000000712943708) 
thrown [s\open\src\hotspot\share\interpreter\linkResolver.cpp, line 804]
Event: 0.639 Thread 0x00000246061d3740 Exception <a 'java/lang/NoSuchMethodError'{0x000000071294b878}: 'java.lang.Object java.lang.invoke.Invokers$Holder.linkToTargetMethod(java.lang.Object, java.lang.Object, int, java.lang.Object, java.lang.Object)'> (0x000000071294b878) 
thrown [s\open\src\hotspot\share\interpreter\linkResolver.cpp, line 804]
Event: 0.640 Thread 0x00000246061d3740 Exception <a 'java/lang/NoSuchMethodError'{0x0000000712967110}: 'java.lang.Object java.lang.invoke.DirectMethodHandle$Holder.newInvokeSpecial(java.lang.Object, int, java.lang.Object)'> (0x0000000712967110) 
thrown [s\open\src\hotspot\share\interpreter\linkResolver.cpp, line 804]
Event: 0.640 Thread 0x00000246061d3740 Exception <a 'java/lang/NoSuchMethodError'{0x0000000712970430}: 'int java.lang.invoke.DirectMethodHandle$Holder.invokeSpecialIFC(java.lang.Object, java.lang.Object, java.lang.Object, java.lang.Object)'> (0x0000000712970430) 
thrown [s\open\src\hotspot\share\interpreter\linkResolver.cpp, line 804]
Event: 0.652 Thread 0x00000246061d3740 Exception <a 'java/lang/NoSuchMethodError'{0x000000071564a600}: 'void java.lang.invoke.DirectMethodHandle$Holder.invokeInterface(java.lang.Object, java.lang.Object, java.lang.Object)'> (0x000000071564a600) 
thrown [s\open\src\hotspot\share\interpreter\linkResolver.cpp, line 804]
Event: 0.659 Thread 0x00000246061d3740 Exception <a 'java/lang/NoSuchMethodError'{0x0000000715717908}: 'java.lang.Object java.lang.invoke.DirectMethodHandle$Holder.invokeVirtual(java.lang.Object, java.lang.Object, java.lang.Object)'> (0x0000000715717908) 
thrown [s\open\src\hotspot\share\interpreter\linkResolver.cpp, line 804]
Event: 0.668 Thread 0x00000246061d3740 Exception <a 'java/lang/NoSuchMethodError'{0x00000007157e9568}: 'void java.lang.invoke.DirectMethodHandle$Holder.invokeStatic(java.lang.Object, java.lang.Object, int)'> (0x00000007157e9568) 
thrown [s\open\src\hotspot\share\interpreter\linkResolver.cpp, line 804]
Event: 0.670 Thread 0x00000246061d3740 Exception <a 'java/lang/NoSuchMethodError'{0x0000000715406fd0}: 'void java.lang.invoke.DirectMethodHandle$Holder.invokeStaticInit(java.lang.Object, java.lang.Object, java.lang.Object)'> (0x0000000715406fd0) 
thrown [s\open\src\hotspot\share\interpreter\linkResolver.cpp, line 804]
Event: 0.678 Thread 0x00000246061d3740 Exception <a 'java/lang/NoSuchMethodError'{0x00000007154cc830}: 'void java.lang.invoke.DirectMethodHandle$Holder.invokeVirtual(java.lang.Object, java.lang.Object, java.lang.Object, java.lang.Object)'> (0x00000007154cc830) 
thrown [s\open\src\hotspot\share\interpreter\linkResolver.cpp, line 804]
Event: 0.705 Thread 0x00000246061d3740 Exception <a 'java/lang/IncompatibleClassChangeError'{0x00000007151f2a40}: Found class java.lang.Object, but interface was expected> (0x00000007151f2a40) 
thrown [s\open\src\hotspot\share\interpreter\linkResolver.cpp, line 871]

VM Operations (20 events):
Event: 0.197 Executing non-safepoint VM operation: HandshakeAllThreads (Deoptimize)
Event: 0.197 Executing non-safepoint VM operation: HandshakeAllThreads (Deoptimize) done
Event: 0.272 Executing non-safepoint VM operation: HandshakeAllThreads (Deoptimize)
Event: 0.272 Executing non-safepoint VM operation: HandshakeAllThreads (Deoptimize) done
Event: 0.291 Executing non-safepoint VM operation: HandshakeAllThreads (Deoptimize)
Event: 0.291 Executing non-safepoint VM operation: HandshakeAllThreads (Deoptimize) done
Event: 0.304 Executing non-safepoint VM operation: HandshakeAllThreads (Deoptimize)
Event: 0.304 Executing non-safepoint VM operation: HandshakeAllThreads (Deoptimize) done
Event: 0.329 Executing non-safepoint VM operation: HandshakeAllThreads (Deoptimize)
Event: 0.329 Executing non-safepoint VM operation: HandshakeAllThreads (Deoptimize) done
Event: 0.346 Executing non-safepoint VM operation: HandshakeAllThreads (Deoptimize)
Event: 0.346 Executing non-safepoint VM operation: HandshakeAllThreads (Deoptimize) done
Event: 0.357 Executing non-safepoint VM operation: HandshakeAllThreads (Deoptimize)
Event: 0.357 Executing non-safepoint VM operation: HandshakeAllThreads (Deoptimize) done
Event: 0.646 Executing safepoint VM operation: G1CollectForAllocation (G1 Evacuation Pause)
Event: 0.649 Executing safepoint VM operation: G1CollectForAllocation (G1 Evacuation Pause) done
Event: 0.696 Executing non-safepoint VM operation: HandshakeAllThreads (Deoptimize)
Event: 0.696 Executing non-safepoint VM operation: HandshakeAllThreads (Deoptimize) done
Event: 0.697 Executing non-safepoint VM operation: HandshakeAllThreads (Deoptimize)
Event: 0.697 Executing non-safepoint VM operation: HandshakeAllThreads (Deoptimize) done

Memory protections (0 events):
No events

Nmethod flushes (0 events):
No events

Events (19 events):
Event: 0.015 Thread 0x000002466caef2e0 Thread added: 0x000002466caef2e0
Event: 0.024 Thread 0x000002466caef2e0 Thread added: 0x0000024605002090
Event: 0.024 Thread 0x000002466caef2e0 Thread added: 0x0000024605002850
Event: 0.024 Thread 0x000002466caef2e0 Thread added: 0x0000024605007030
Event: 0.024 Thread 0x000002466caef2e0 Thread added: 0x000002460500ad40
Event: 0.024 Thread 0x000002466caef2e0 Thread added: 0x000002460500df90
Event: 0.024 Thread 0x000002466caef2e0 Thread added: 0x000002460500edd0
Event: 0.024 Thread 0x000002466caef2e0 Thread added: 0x0000024605010ad0
Event: 0.057 Thread 0x0000024605010ad0 Thread added: 0x000002467de4dc20
Event: 0.064 Thread 0x000002467de4dc20 Thread added: 0x0000024605136890
Event: 0.073 Thread 0x000002466caef2e0 Thread added: 0x0000024605177970
Event: 0.175 Thread 0x000002466caef2e0 Thread added: 0x0000024605643980
Event: 0.175 Thread 0x000002466caef2e0 Thread added: 0x000002460563ec10
Event: 0.243 Thread 0x0000024605136890 Thread added: 0x0000024605bdcec0
Event: 0.243 Thread 0x000002467de4dc20 Thread added: 0x0000024605be1300
Event: 0.297 Thread 0x000002466caef2e0 Thread added: 0x0000024605f6f2b0
Event: 0.485 Thread 0x000002466caef2e0 Thread added: 0x00000246061d0710
Event: 0.486 Thread 0x00000246061d0710 Thread added: 0x00000246061d3740
Event: 0.701 Thread 0x00000246061d3740 Thread added: 0x00000246063ab4d0


Dynamic libraries:
0x00007ff6630a0000 - 0x00007ff6630b0000 	E:\Java\bin\java.exe
0x00007ff99dea0000 - 0x00007ff99e106000 	C:\WINDOWS\SYSTEM32\ntdll.dll
0x00007ff99c750000 - 0x00007ff99c819000 	C:\WINDOWS\System32\KERNEL32.DLL
0x00007ff99b190000 - 0x00007ff99b58f000 	C:\WINDOWS\System32\KERNELBASE.dll
0x00007ff99b5a0000 - 0x00007ff99b6ec000 	C:\WINDOWS\System32\ucrtbase.dll
0x00007ff996c20000 - 0x00007ff996c37000 	E:\Java\bin\jli.dll
0x00007ff996a10000 - 0x00007ff996a2e000 	E:\Java\bin\VCRUNTIME140.dll
0x00007ff99c580000 - 0x00007ff99c746000 	C:\WINDOWS\System32\USER32.dll
0x00007ff97d640000 - 0x00007ff97d8d1000 	C:\WINDOWS\WinSxS\amd64_microsoft.windows.common-controls_6595b64144ccf1df_6.0.26100.8972_none_3e0da176e32f9d4b\COMCTL32.dll
0x00007ff99b160000 - 0x00007ff99b187000 	C:\WINDOWS\System32\win32u.dll
0x00007ff99db80000 - 0x00007ff99dc29000 	C:\WINDOWS\System32\msvcrt.dll
0x00007ff99d3c0000 - 0x00007ff99d3eb000 	C:\WINDOWS\System32\GDI32.dll
0x00007ff99ba10000 - 0x00007ff99bb39000 	C:\WINDOWS\System32\gdi32full.dll
0x00007ff99b0b0000 - 0x00007ff99b153000 	C:\WINDOWS\System32\msvcp_win.dll
0x00007ff99dda0000 - 0x00007ff99ddd2000 	C:\WINDOWS\System32\IMM32.DLL
0x00007ff996c10000 - 0x00007ff996c1c000 	E:\Java\bin\vcruntime140_1.dll
0x00007ff9924d0000 - 0x00007ff99255d000 	E:\Java\bin\msvcp140.dll
0x00007ff906920000 - 0x00007ff90777f000 	E:\Java\bin\server\jvm.dll
0x00007ff99cb20000 - 0x00007ff99cbdc000 	C:\WINDOWS\System32\ADVAPI32.dll
0x00007ff99d130000 - 0x00007ff99d1da000 	C:\WINDOWS\System32\sechost.dll
0x00007ff99c820000 - 0x00007ff99c938000 	C:\WINDOWS\System32\RPCRT4.dll
0x00007ff99bcb0000 - 0x00007ff99bd32000 	C:\WINDOWS\System32\WS2_32.dll
0x00007ff9875f0000 - 0x00007ff987626000 	C:\WINDOWS\SYSTEM32\WINMM.dll
0x00007ff99af10000 - 0x00007ff99af6e000 	C:\WINDOWS\SYSTEM32\POWRPROF.dll
0x00007ff991d20000 - 0x00007ff991d2b000 	C:\WINDOWS\SYSTEM32\VERSION.dll
0x00007ff99aef0000 - 0x00007ff99af05000 	C:\WINDOWS\SYSTEM32\UMPDC.dll
0x00007ff999da0000 - 0x00007ff999dbb000 	C:\WINDOWS\SYSTEM32\kernel.appcore.dll
0x00007ff996be0000 - 0x00007ff996bea000 	E:\Java\bin\jimage.dll
0x00007ff998530000 - 0x00007ff998772000 	C:\WINDOWS\SYSTEM32\DBGHELP.DLL
0x00007ff99cd10000 - 0x00007ff99d095000 	C:\WINDOWS\System32\combase.dll
0x00007ff99bbd0000 - 0x00007ff99bca9000 	C:\WINDOWS\System32\OLEAUT32.dll
0x00007ff977dc0000 - 0x00007ff977dfb000 	C:\WINDOWS\SYSTEM32\dbgcore.DLL
0x00007ff99b700000 - 0x00007ff99b7ac000 	C:\WINDOWS\System32\bcryptPrimitives.dll
0x00007ff993720000 - 0x00007ff993730000 	E:\Java\bin\instrument.dll
0x00007ff9969f0000 - 0x00007ff996a0f000 	E:\Java\bin\java.dll
0x00007ff99d200000 - 0x00007ff99d399000 	C:\WINDOWS\System32\ole32.dll
0x00007ff99d3f0000 - 0x00007ff99db78000 	C:\WINDOWS\System32\SHELL32.dll
0x00007ff998b80000 - 0x00007ff99941b000 	C:\WINDOWS\SYSTEM32\windows.storage.dll
0x00007ff99c430000 - 0x00007ff99c529000 	C:\WINDOWS\System32\SHCORE.dll
0x00007ff99d0a0000 - 0x00007ff99d106000 	C:\WINDOWS\System32\shlwapi.dll
0x00007ff99afd0000 - 0x00007ff99aff9000 	C:\WINDOWS\SYSTEM32\profapi.dll
0x00007ff995470000 - 0x00007ff995487000 	E:\Java\bin\zip.dll
0x00007ff996950000 - 0x00007ff996962000 	E:\java\bin\net.dll
0x00007ff99a350000 - 0x00007ff99a3bc000 	C:\WINDOWS\system32\mswsock.dll
0x00007ff996930000 - 0x00007ff996946000 	E:\java\bin\nio.dll
0x00007ff993730000 - 0x00007ff993739000 	E:\java\bin\extnet.dll
0x00007ff999860000 - 0x00007ff9999b8000 	C:\WINDOWS\SYSTEM32\DNSAPI.dll
0x00007ff99a130000 - 0x00007ff99a13d000 	C:\WINDOWS\SYSTEM32\DSPARSE.dll
0x00007ff9997c0000 - 0x00007ff9997f3000 	C:\WINDOWS\SYSTEM32\IPHLPAPI.DLL
0x00007ff99c330000 - 0x00007ff99c33a000 	C:\WINDOWS\System32\NSI.dll
0x00007ff9945f0000 - 0x00007ff9945fb000 	C:\Windows\System32\rasadhlp.dll
0x00007ff996140000 - 0x00007ff9961c6000 	C:\WINDOWS\System32\fwpuclnt.dll
0x00007ff993710000 - 0x00007ff99371a000 	E:\java\bin\management.dll
0x00007ff992aa0000 - 0x00007ff992aac000 	E:\java\bin\management_ext.dll
0x00007ff99d3a0000 - 0x00007ff99d3a8000 	C:\WINDOWS\System32\PSAPI.DLL
0x00007ff99a640000 - 0x00007ff99a65b000 	C:\WINDOWS\SYSTEM32\CRYPTSP.dll
0x00007ff999d00000 - 0x00007ff999d39000 	C:\WINDOWS\system32\rsaenh.dll
0x00007ff99a400000 - 0x00007ff99a432000 	C:\WINDOWS\SYSTEM32\USERENV.dll
0x00007ff99afa0000 - 0x00007ff99afca000 	C:\WINDOWS\SYSTEM32\bcrypt.dll
0x00007ff99a660000 - 0x00007ff99a66c000 	C:\WINDOWS\SYSTEM32\CRYPTBASE.dll
0x00007ff9706a0000 - 0x00007ff9706b8000 	C:\WINDOWS\system32\napinsp.dll
0x00007ff971940000 - 0x00007ff971953000 	C:\WINDOWS\System32\winrnr.dll
0x00007ff970270000 - 0x00007ff970292000 	C:\WINDOWS\system32\nlansp_c.dll
0x00007ff970680000 - 0x00007ff970696000 	C:\WINDOWS\system32\wshbth.dll

JVMTI agents:
E:\java\IntelliJ IDEA 2025.3.1.1\lib\idea_rt.jar path:E:\Java\bin\instrument.dll, loaded, initialized, instrumentlib options:60432

dbghelp: loaded successfully - version: 4.0.5 - missing functions: none
symbol engine: initialized successfully - sym options: 0x614 - pdb path: .;E:\Java\bin;C:\WINDOWS\SYSTEM32;C:\WINDOWS\WinSxS\amd64_microsoft.windows.common-controls_6595b64144ccf1df_6.0.26100.8972_none_3e0da176e32f9d4b;E:\Java\bin\server

VM Arguments:
jvm_args: -XX:TieredStopAtLevel=1 -Dspring.output.ansi.enabled=always -Dcom.sun.management.jmxremote -Dspring.jmx.enabled=true -Dspring.liveBeansView.mbeanDomain -Dspring.application.admin.enabled=true -Dmanagement.endpoints.jmx.exposure.include=* -javaagent:E:\java\IntelliJ IDEA 2025.3.1.1\lib\idea_rt.jar=60432 -Dfile.encoding=UTF-8 -Dsun.stdout.encoding=UTF-8 -Dsun.stderr.encoding=UTF-8 
java_command: com.panduoma.demo.Demo001houApplication
java_class_path (initial): E:\project_springboot+vue3\demo001hou\target\classes;C:\Users\25688\.m2\repository\org\springframework\boot\spring-boot-starter\4.1.1\spring-boot-starter-4.1.1.jar;C:\Users\25688\.m2\repository\org\springframework\boot\spring-boot-starter-logging\4.1.1\spring-boot-starter-logging-4.1.1.jar;C:\Users\25688\.m2\repository\ch\qos\logback\logback-classic\1.5.38\logback-classic-1.5.38.jar;C:\Users\25688\.m2\repository\ch\qos\logback\logback-core\1.5.38\logback-core-1.5.38.jar;C:\Users\25688\.m2\repository\org\apache\logging\log4j\log4j-to-slf4j\2.25.5\log4j-to-slf4j-2.25.5.jar;C:\Users\25688\.m2\repository\org\apache\logging\log4j\log4j-api\2.25.5\log4j-api-2.25.5.jar;C:\Users\25688\.m2\repository\org\slf4j\jul-to-slf4j\2.0.18\jul-to-slf4j-2.0.18.jar;C:\Users\25688\.m2\repository\org\springframework\boot\spring-boot-autoconfigure\4.1.1\spring-boot-autoconfigure-4.1.1.jar;C:\Users\25688\.m2\repository\jakarta\annotation\jakarta.annotation-api\3.0.0\jakarta.annotation-api-3.0.0.jar;C:\Users\25688\.m2\repository\org\yaml\snakeyaml\2.6\snakeyaml-2.6.jar;C:\Users\25688\.m2\repository\org\springframework\boot\spring-boot-starter-web\4.1.1\spring-boot-starter-web-4.1.1.jar;C:\Users\25688\.m2\repository\org\springframework\boot\spring-boot-starter-jackson\4.1.1\spring-boot-starter-jackson-4.1.1.jar;C:\Users\25688\.m2\repository\org\springframework\boot\spring-boot-jackson\4.1.1\spring-boot-jackson-4.1.1.jar;C:\Users\25688\.m2\repository\tools\jackson\core\jackson-databind\3.1.5\jackson-databind-3.1.5.jar;C:\Users\25688\.m2\repository\com\fasterxml\jackson\core\jackson-annotations\2.21\jackson-annotations-2.21.jar;C:\Users\25688\.m2\repository\tools\jackson\core\jackson-core\3.1.5\jackson-core-3.1.5.jar;C:\Users\25688\.m2\repository\org\springframework\boot\spring-boot-starter-tomcat\4.1.1\spring-boot-starter-tomcat-4.1.1.jar;C:\Users\25688\.m2\repository\org\springframework\boot\spring-boot-starter-tomcat-runtime\4.1.1\spring-boot-starter-tomcat-runtime-4.1.1.jar;C:\Users\25688\.m2\repository\org\springframework\boot\spring-boot-web-server\4.1.1\spring-boot-web-server-4.1.1.jar;C:\Users\25688\.m2\repository\org\apache\tomcat\embed\tomcat-embed-core\11.0.24\tomcat-embed-core-11.0.24.jar;C:\Users\25688\.m2\repository\org\apache\tomcat\embed\tomcat-embed-el\11.0.24\tomcat-embed-el-11.0.24.jar;C:\Users\25688\.m2\repository\org\apache\tomcat\embed\tomcat-embed-websocket\11.0.24\tomcat-embed-websocket-11.0.24.jar;C:\Users\25688\.m2\repository\org\springframework\boot\spring-boot-tomcat\4.1.1\spring-boot-tomcat-4.1.1.jar;C:\Users\25688\.m2\repository\org\springframework\boot\spring-boot-http-converter\4.1.1\spring-boot-http-converter-4.1.1.jar;C:\Users\25688\.m2\repository\org\springframework\spring-web\7.0.9\spring-web-7.0.9.jar;C:\Users\25688\.m2\repository\io\micrometer\micrometer-observation\1.17.1\micrometer-observation-1.17.1.jar;C:\Users\25688\.m2\repository\io\micrometer\micrometer-commons\1.17.1\micrometer-commons-1.17.1.jar;C:\Users\25688\.m2\repository\org\springframework\boot\spring-boot-webmvc\4.1.1\spring-boot-webmvc-4.1.1.jar;C:\Users\25688\.m2\repository\org\springframework\boot\spring-boot-servlet\4.1.1\spring-boot-servlet-4.1.1.jar;C:\Users\25688\.m2\repository\org\springframework\spring-webmvc\7.0.9\spring-webmvc-7.0.9.jar;C:\Users\25688\.m2\repository\org\springframework\spring-aop\7.0.9\spring-aop-7.0.9.jar;C:\Users\25688\.m2\repository\org\springframework\spring-expression\7.0.9\spring-expression-7.0.9.jar;C:\Users\25688\.m2\repository\org\slf4j\slf4j-api\2.0.18\slf4j-api-2.0.18.jar;C:\Users\25688\.m2\repository\jakarta\xml\bind\jakarta.xml.bind-api\4.0.5\jakarta.xml.bind-api-4.0.5.jar;C:\Users\25688\.m2\repository\jakarta\activation\jakarta.activation-api\2.1.4\jakarta.activation-api-2.1.4.jar;C:\Users\25688\.m2\repository\org\springframework\spring-core\7.0.9\spring-core-7.0.9.jar;C:\Users\25688\.m2\repository\commons-logging\commons-logging\1.3.6\commons-logging-1.3.6.jar;C:\Users\25688\.m2\repository\org\jspecify\jspecify\1.0.1\jspecify-1.0.1.jar;C:\Users\25688\.m2\repository\com\mysql\mysql-connector-j\8.0.31\mysql-connector-j-8.0.31.jar;C:\Users\25688\.m2\repository\com\baomidou\mybatis-plus-spring-boot4-starter\3.5.15\mybatis-plus-spring-boot4-starter-3.5.15.jar;C:\Users\25688\.m2\repository\com\baomidou\mybatis-plus\3.5.15\mybatis-plus-3.5.15.jar;C:\Users\25688\.m2\repository\com\baomidou\mybatis-plus-core\3.5.15\mybatis-plus-core-3.5.15.jar;C:\Users\25688\.m2\repository\com\baomidou\mybatis-plus-annotation\3.5.15\mybatis-plus-annotation-3.5.15.jar;C:\Users\25688\.m2\repository\com\baomidou\mybatis-plus-spring\3.5.15\mybatis-plus-spring-3.5.15.jar;C:\Users\25688\.m2\repository\com\baomidou\mybatis-plus-extension\3.5.15\mybatis-plus-extension-3.5.15.jar;C:\Users\25688\.m2\repository\org\mybatis\mybatis\3.5.19\mybatis-3.5.19.jar;C:\Users\25688\.m2\repository\org\mybatis\mybatis-spring\3.0.5\mybatis-spring-3.0.5.jar;C:\Users\25688\.m2\repository\com\baomidou\mybatis-plus-spring-boot-autoconfigure\3.5.15\mybatis-plus-spring-boot-autoconfigure-3.5.15.jar;C:\Users\25688\.m2\repository\org\springframework\boot\spring-boot-starter-jdbc\4.1.1\spring-boot-starter-jdbc-4.1.1.jar;C:\Users\25688\.m2\repository\org\springframework\boot\spring-boot-jdbc\4.1.1\spring-boot-jdbc-4.1.1.jar;C:\Users\25688\.m2\repository\org\springframework\boot\spring-boot-sql\4.1.1\spring-boot-sql-4.1.1.jar;C:\Users\25688\.m2\repository\org\springframework\spring-jdbc\7.0.9\spring-jdbc-7.0.9.jar;C:\Users\25688\.m2\repository\com\zaxxer\HikariCP\7.0.2\HikariCP-7.0.2.jar;C:\Users\25688\.m2\repository\org\projectlombok\lombok\1.18.46\lombok-1.18.46.jar;C:\Users\25688\.m2\repository\org\springframework\boot\spring-boot-devtools\4.1.1\spring-boot-devtools-4.1.1.jar;C:\Users\25688\.m2\repository\org\springframework\boot\spring-boot\4.1.1\spring-boot-4.1.1.jar;C:\Users\25688\.m2\repository\org\springframework\spring-context\7.0.9\spring-context-7.0.9.jar;C:\Users\25688\.m2\repository\com\github\xiaoymin\knife4j-openapi3-jakarta-spring-boot-starter\4.4.0\knife4j-openapi3-jakarta-spring-boot-starter-4.4.0.jar;C:\Users\25688\.m2\repository\com\github\xiaoymin\knife4j-core\4.4.0\knife4j-core-4.4.0.jar;C:\Users\25688\.m2\repository\com\github\xiaoymin\knife4j-openapi3-ui\4.4.0\knife4j-openapi3-ui-4.4.0.jar;C:\Users\25688\.m2\repository\org\springdoc\springdoc-openapi-starter-webmvc-ui\2.3.0\springdoc-openapi-starter-webmvc-ui-2.3.0.jar;C:\Users\25688\.m2\repository\org\springdoc\springdoc-openapi-starter-webmvc-api\2.3.0\springdoc-openapi-starter-webmvc-api-2.3.0.jar;C:\Users\25688\.m2\repository\org\springdoc\springdoc-openapi-starter-common\2.3.0\springdoc-openapi-starter-common-2.3.0.jar;C:\Users\25688\.m2\repository\io\swagger\core\v3\swagger-core-jakarta\2.2.19\swagger-core-jakarta-2.2.19.jar;C:\Users\25688\.m2\repository\org\apache\commons\commons-lang3\3.20.0\commons-lang3-3.20.0.jar;C:\Users\25688\.m2\repository\io\swagger\core\v3\swagger-annotations-jakarta\2.2.19\swagger-annotations-jakarta-2.2.19.jar;C:\Users\25688\.m2\repository\io\swagger\core\v3\swagger-models-jakarta\2.2.19\swagger-models-jakarta-2.2.19.jar;C:\Users\25688\.m2\repository\jakarta\validation\jakarta.validation-api\3.1.1\jakarta.validation-api-3.1.1.jar;C:\Users\25688\.m2\repository\com\fasterxml\jackson\core\jackson-databind\2.21.5\jackson-databind-2.21.5.jar;C:\Users\25688\.m2\repository\com\fasterxml\jackson\core\jackson-core\2.21.5\jackson-core-2.21.5.jar;C:\Users\25688\.m2\repository\com\fasterxml\jackson\dataformat\jackson-dataformat-yaml\2.21.5\jackson-dataformat-yaml-2.21.5.jar;C:\Users\25688\.m2\repository\com\fasterxml\jackson\datatype\jackson-datatype-jsr310\2.21.5\jackson-datatype-jsr310-2.21.5.jar;C:\Users\25688\.m2\repository\org\webjars\swagger-ui\5.10.3\swagger-ui-5.10.3.jar;C:\Users\25688\.m2\repository\org\apache\commons\commons-pool2\2.13.1\commons-pool2-2.13.1.jar;C:\Users\25688\.m2\repository\org\springframework\boot\spring-boot-starter-data-redis\4.1.1\spring-boot-starter-data-redis-4.1.1.jar;C:\Users\25688\.m2\repository\org\springframework\boot\spring-boot-data-redis\4.1.1\spring-boot-data-redis-4.1.1.jar;C:\Users\25688\.m2\repository\org\springframework\boot\spring-boot-data-commons\4.1.1\spring-boot-data-commons-4.1.1.jar;C:\Users\25688\.m2\repository\org\springframework\boot\spring-boot-persistence\4.1.1\spring-boot-persistence-4.1.1.jar;C:\Users\25688\.m2\repository\org\springframework\data\spring-data-commons\4.1.1\spring-data-commons-4.1.1.jar;C:\Users\25688\.m2\repository\org\springframework\boot\spring-boot-transaction\4.1.1\spring-boot-transaction-4.1.1.jar;C:\Users\25688\.m2\repository\org\springframework\spring-tx\7.0.9\spring-tx-7.0.9.jar;C:\Users\25688\.m2\repository\io\lettuce\lettuce-core\7.5.2.RELEASE\lettuce-core-7.5.2.RELEASE.jar;C:\Users\25688\.m2\repository\redis\clients\authentication\redis-authx-core\0.1.1-beta2\redis-authx-core-0.1.1-beta2.jar;C:\Users\25688\.m2\repository\io\netty\netty-common\4.2.17.Final\netty-common-4.2.17.Final.jar;C:\Users\25688\.m2\repository\io\netty\netty-handler\4.2.17.Final\netty-handler-4.2.17.Final.jar;C:\Users\25688\.m2\repository\io\netty\netty-resolver\4.2.17.Final\netty-resolver-4.2.17.Final.jar;C:\Users\25688\.m2\repository\io\netty\netty-buffer\4.2.17.Final\netty-buffer-4.2.17.Final.jar;C:\Users\25688\.m2\repository\io\netty\netty-transport-native-unix-common\4.2.17.Final\netty-transport-native-unix-common-4.2.17.Final.jar;C:\Users\25688\.m2\repository\io\netty\netty-codec-base\4.2.17.Final\netty-codec-base-4.2.17.Final.jar;C:\Users\25688\.m2\repository\io\netty\netty-transport\4.2.17.Final\netty-transport-4.2.17.Final.jar;C:\Users\25688\.m2\repository\io\projectreactor\reactor-core\3.8.7\reactor-core-3.8.7.jar;C:\Users\25688\.m2\repository\org\reactivestreams\reactive-streams\1.0.4\reactive-streams-1.0.4.jar;C:\Users\25688\.m2\repository\io\netty\netty-resolver-dns\4.2.17.Final\netty-resolver-dns-4.2.17.Final.jar;C:\Users\25688\.m2\repository\io\netty\netty-codec-dns\4.2.17.Final\netty-codec-dns-4.2.17.Final.jar;C:\Users\25688\.m2\repository\org\springframework\data\spring-data-redis\4.1.1\spring-data-redis-4.1.1.jar;C:\Users\25688\.m2\repository\org\springframework\data\spring-data-keyvalue\4.1.1\spring-data-keyvalue-4.1.1.jar;C:\Users\25688\.m2\repository\org\springframework\spring-oxm\7.0.9\spring-oxm-7.0.9.jar;C:\Users\25688\.m2\repository\org\springframework\spring-context-support\7.0.9\spring-context-support-7.0.9.jar;C:\Users\25688\.m2\repository\org\springframework\boot\spring-boot-netty\4.1.1\spring-boot-netty-4.1.1.jar;C:\Users\25688\.m2\repository\org\springframework\spring-messaging\7.0.9\spring-messaging-7.0.9.jar;C:\Users\25688\.m2\repository\org\springframework\spring-beans\7.0.9\spring-beans-7.0.9.jar
Launcher Type: SUN_STANDARD

[Global flags]
     intx CICompilerCount                          = 12                                        {product} {ergonomic}
     uint ConcGCThreads                            = 4                                         {product} {ergonomic}
     uint G1ConcRefinementThreads                  = 15                                        {product} {ergonomic}
   size_t G1HeapRegionSize                         = 2097152                                   {product} {ergonomic}
   size_t InitialHeapSize                          = 264241152                                 {product} {ergonomic}
     bool ManagementServer                         = true                                      {product} {command line}
   size_t MarkStackSize                            = 4194304                                   {product} {ergonomic}
   size_t MarkStackSizeMax                         = 536870912                                 {product} {ergonomic}
   size_t MaxHeapSize                              = 4198498304                                {product} {ergonomic}
   size_t MaxNewSize                               = 2518679552                                {product} {ergonomic}
   size_t MinHeapDeltaBytes                        = 2097152                                   {product} {ergonomic}
   size_t MinHeapSize                              = 8388608                                   {product} {ergonomic}
    uintx NonNMethodCodeHeapSize                   = 4096                                   {pd product} {ergonomic}
    uintx NonProfiledCodeHeapSize                  = 0                                      {pd product} {ergonomic}
     bool ProfileInterpreter                       = false                                  {pd product} {command line}
    uintx ProfiledCodeHeapSize                     = 0                                      {pd product} {ergonomic}
   size_t SoftMaxHeapSize                          = 4198498304                             {manageable} {ergonomic}
     intx TieredStopAtLevel                        = 1                                         {product} {command line}
     bool UseCompressedOops                        = true                           {product lp64_product} {ergonomic}
     bool UseG1GC                                  = true                                      {product} {ergonomic}
     bool UseLargePagesIndividualAllocation        = false                                  {pd product} {ergonomic}

Logging:
Log output configuration:
 #0: stdout all=warning uptime,level,tags foldmultilines=false
 #1: stderr all=off uptime,level,tags foldmultilines=false

Release file:
IMPLEMENTOR="Oracle Corporation" 
JAVA_RUNTIME_VERSION="25.0.1+8-LTS-27" 
JAVA_VERSION="25.0.1" 
JAVA_VERSION_DATE="2025-10-21" 
LIBC="default" 
MODULES="java.base java.compiler java.datatransfer java.xml java.prefs java.desktop java.instrument java.logging java.management java.security.sasl java.naming java.rmi java.management.rmi java.net.http java.scripting java.security.jgss java.transaction.xa java.sql java.sql.rowset java.xml.crypto java.se java.smartcardio jdk.accessibility jdk.internal.jvmstat jdk.attach jdk.charsets jdk.internal.opt jdk.zipfs jdk.compiler jdk.crypto.cryptoki jdk.crypto.ec jdk.crypto.mscapi jdk.dynalink jdk.internal.ed jdk.editpad jdk.internal.vm.ci jdk.graal.compiler jdk.graal.compiler.management jdk.hotspot.agent jdk.httpserver jdk.incubator.vector jdk.internal.le jdk.internal.md jdk.jartool jdk.javadoc jdk.jcmd jdk.management jdk.management.agent jdk.jconsole jdk.jdeps jdk.jdwp.agent jdk.jdi jdk.jfr jdk.jlink jdk.jpackage jdk.jshell jdk.jsobject jdk.jstatd jdk.localedata jdk.management.jfr jdk.naming.dns jdk.naming.rmi jdk.net jdk.nio.mapmode jdk.sctp jdk.security.auth jdk.security.jgss jdk.unsupported jdk.unsupported.desktop jdk.xml.dom" 
OS_ARCH="x86_64" 
OS_NAME="Windows" 
SOURCE=".:git:862c85bc42b7 open:git:78770bfaefd2" 

Environment Variables:
PATH=E:\xuniji\bin\;D:\н╒пе\ShadowBot;E;\py\Scripts\;E:\py\;C:\Program Files\Common Files\Oracle\Java\javapath;C:\Windows\system32;C:\Windows;C:\Windows\System32\Wbem;C:\Windows\System32\WindowsPowerShell\v1.0\;C:\Windows\System32\OpenSSH\;C:\Program Files (x86)\NVIDIA Corporation\PhysX\Common;C:\WINDOWS\system32;C:\WINDOWS;C:\WINDOWS\System32\Wbem;C:\WINDOWS\System32\WindowsPowerShell\v1.0\;C:\WINDOWS\System32\OpenSSH\;E:\sql\mysql\bin;C:\Program Files\NVIDIA Corporation\NVIDIA App\NvDLISR;E:\redis;C:\Program Files\Git\cmd;E:\vue\;D:\н╒пе\ShadowBot;C:\Users\25688\AppData\Local\Microsoft\WindowsApps;E:\python\PyCharm 2024.3.1\bin;E:\vs-code\Microsoft VS Code\bin;C:\Users\25688\AppData\Roaming\npm
USERNAME=25688
OS=Windows_NT
PROCESSOR_IDENTIFIER=Intel64 Family 6 Model 186 Stepping 2, GenuineIntel
TMP=C:\Users\25688\AppData\Local\Temp
TEMP=C:\Users\25688\AppData\Local\Temp




Compilation memory statistics disabled.

Periodic native trim disabled

---------------  S Y S T E M  ---------------

OS:
 Windows 11 , 64 bit Build 26100 (10.0.26100.9168)
OS uptime: 0 days 12:24 hours

CPU: total 20 (initial active 20) (10 cores per cpu, 2 threads per core) family 6 model 186 stepping 2 microcode 0x4122, cx8, cmov, fxsr, ht, mmx, 3dnowpref, sse, sse2, sse3, ssse3, sse4.1, sse4.2, popcnt, lzcnt, tsc, tscinvbit, avx, avx2, aes, erms, clmul, bmi1, bmi2, adx, sha, fma, vzeroupper, clflush, clflushopt, clwb, serialize, rdtscp, rdpid, fsrm, gfni, f16c, pku, cet_ibt, cet_ss
Processor Information for the first 20 processors :
  Max Mhz: 2400, Current Mhz: 2400, Mhz Limit: 2400

Memory: 4k page, system-wide physical 16008M (425M free)
TotalPageFile size 19468M (AvailPageFile size 6M)
current process WorkingSet (physical memory assigned to process): 122M, peak: 122M
current process commit charge ("private bytes"): 381M, peak: 381M

vm_info: Java HotSpot(TM) 64-Bit Server VM (25.0.1+8-LTS-27) for windows-amd64 JRE (25.0.1+8-LTS-27), built on 2025-09-25T16:41:16Z with unknown MS VC++:1943

END.
